Ngày, MG95 , MG92 , DO 0.001% , DO 0.05% 
Đơn vị tính,USD/bbl,USD/bbl,USD/bbl,USD/bbl
5/1/2008,,,,
5/2/2008,  115.10 ,  114.37 ,,  141.14 
5/5/2008,  120.11 ,  119.39 ,,  144.12 
5/6/2008,  123.69 ,  123.02 ,,  147.23 
5/7/2008,  126.02 ,  125.40 ,,  148.00 
5/8/2008,  126.92 ,  126.30 ,,  151.19 
5/9/2008,  129.04 ,  128.26 ,,  155.91 
5/12/2008,  131.43 ,  130.65 ,,  160.40 
5/13/2008,  129.33 ,  128.55 ,,  159.65 
5/14/2008,  130.67 ,  129.90 ,,  164.78 
5/15/2008,  130.25 ,  129.11 ,,  162.79 
5/16/2008,  130.59 ,  129.24 ,,  162.49 
5/19/2008,,,,
5/20/2008,  132.20 ,  130.86 ,,  163.99 
5/21/2008,  135.55 ,  134.21 ,,  167.95 
5/22/2008,  140.55 ,  139.21 ,,  175.41 
5/23/2008,  137.45 ,  136.11 ,,  174.32 
5/26/2008,  138.39 ,  137.35 ,,  174.03 
5/27/2008,  138.95 ,  137.91 ,,  174.51 
5/28/2008,  133.95 ,  132.86 ,,  166.10 
5/29/2008,  137.20 ,  135.64 ,,  169.32 
5/30/2008,  135.27 ,  132.80 ,,  161.08 
6/2/2008,  136.64 ,  134.84 ,,  161.05 
6/3/2008,  138.28 ,  136.45 ,,  163.91 
6/4/2008,  136.46 ,  134.41 ,,  161.23 
6/5/2008,  133.37 ,  132.12 ,,  159.98 
6/6/2008,  137.31 ,  135.73 ,,  165.37 
6/9/2008,  146.14 ,  143.71 ,,  175.62 
6/10/2008,  140.28 ,  138.93 ,,  170.74 
6/11/2008,  139.43 ,  138.08 ,,  169.77 
6/12/2008,  141.72 ,  140.37 ,,  173.28 
6/13/2008,  143.29 ,  141.63 ,,  172.59 
6/16/2008,  139.85 ,  138.50 ,,  168.77 
6/17/2008,  140.11 ,  138.51 ,,  169.18 
6/18/2008,  139.30 ,  137.65 ,,  169.32 
6/19/2008,  141.97 ,  140.42 ,,  172.12 
6/20/2008,  137.81 ,  135.91 ,,  167.29 
6/23/2008,  141.11 ,  139.27 ,,  171.35 
6/24/2008,  141.31 ,  139.66 ,,  172.84 
6/25/2008,  141.34 ,  140.44 ,,  172.41 
6/26/2008,  138.24 ,  137.39 ,,  168.59 
6/27/2008,  145.94 ,  144.75 ,,  175.55 
6/30/2008,  146.39 ,  145.56 ,,  175.64 
7/1/2008,  145.32 ,  144.72 ,,  174.14 
7/2/2008,  144.49 ,  143.89 ,,  174.65 
7/3/2008,  147.51 ,  146.96 ,,  182.35 
7/4/2008,  147.79 ,  147.24 ,,  182.60 
7/7/2008,  145.39 ,  144.84 ,,  178.58 
7/8/2008,  143.55 ,  142.95 ,,  176.82 
7/9/2008,  140.14 ,  139.49 ,,  173.67 
7/10/2008,  138.76 ,  138.06 ,,  172.03 
7/11/2008,  145.31 ,  144.79 ,,  178.46 
7/14/2008,  144.08 ,  143.46 ,,  176.68 
7/15/2008,  144.12 ,  143.50 ,,  176.53 
7/16/2008,  137.72 ,  137.06 ,,  170.98 
7/17/2008,  133.67 ,  133.01 ,,  166.95 
7/18/2008,  130.04 ,  129.41 ,,  166.56 
7/21/2008,  129.62 ,  128.98 ,,  163.96 
7/22/2008,  130.67 ,  130.21 ,,  164.14 
7/23/2008,  124.87 ,  124.41 ,,  157.43 
7/24/2008,  122.01 ,  121.51 ,,  154.00 
7/25/2008,  123.77 ,  123.27 ,,  156.20 
7/28/2008,  122.43 ,  121.88 ,,  155.69 
7/29/2008,  124.45 ,  123.95 ,,  156.08 
7/30/2008,  121.25 ,  120.71 ,,  152.19 
7/31/2008,  124.32 ,  123.78 ,,  153.51 
8/1/2008,  121.38 ,  120.18 ,,  147.61 
8/4/2008,  123.29 ,  122.14 ,,  148.16 
8/5/2008,  118.02 ,  116.53 ,,  141.79 
8/6/2008,  117.49 ,  116.00 ,,  140.07 
8/7/2008,  116.74 ,  115.30 ,,  138.76 
8/8/2008,  116.43 ,  115.04 ,,  136.37 
8/11/2008,  114.99 ,  113.60 ,,  135.98 
8/12/2008,  111.90 ,  110.51 ,,  132.53 
8/13/2008,  112.68 ,  111.28 ,,  132.14 
8/14/2008,  116.87 ,  115.12 ,,  134.09 
8/15/2008,  112.33 ,  110.58 ,,  129.71 
8/18/2008,  112.71 ,  111.01 ,,  130.53 
8/19/2008,  110.36 ,  108.65 ,,  128.35 
8/20/2008,  112.57 ,  110.87 ,,  129.69 
8/21/2008,  114.07 ,  112.43 ,,  131.18 
8/22/2008,  117.96 ,  116.46 ,,  136.61 
8/25/2008,  113.03 ,  111.53 ,,  131.68 
8/26/2008,  112.59 ,  111.04 ,,  132.46 
8/27/2008,  114.75 ,  113.25 ,,  133.87 
8/28/2008,  118.11 ,  116.60 ,,  135.91 
8/29/2008,  117.11 ,  115.45 ,,  132.93 
9/1/2008,  118.65 ,  116.96 ,,  133.25 
9/2/2008,  107.06 ,  105.37 ,,  122.35 
9/3/2008,  108.57 ,  107.12 ,,  125.28 
9/4/2008,  110.59 ,  109.15 ,,  128.03 
9/5/2008,  107.27 ,  105.95 ,,  123.19 
9/8/2008,  109.42 ,  108.10 ,,  123.88 
9/9/2008,  108.21 ,  106.27 ,,  121.49 
9/10/2008,  107.42 ,  105.06 ,,  119.58 
9/11/2008,  106.60 ,  104.19 ,,  117.87 
9/12/2008,  109.57 ,  107.16 ,,  119.23 
9/15/2008,  105.40 ,  102.83 ,,  117.03 
9/16/2008,  99.76 ,  97.05 ,,  113.77 
9/17/2008,  99.71 ,  97.11 ,,  115.32 
9/18/2008,  99.64 ,  97.04 ,,  116.41 
9/19/2008,  102.75 ,  100.20 ,,  116.94 
9/22/2008,  108.09 ,  105.54 ,,  122.32 
9/23/2008,  111.56 ,  108.89 ,,  125.15 
9/24/2008,  111.72 ,  108.82 ,,  125.08 
9/25/2008,  108.75 ,  106.01 ,,  123.82 
9/26/2008,  108.85 ,  106.11 ,,  122.72 
9/29/2008,  106.83 ,  104.09 ,,  118.74 
9/30/2008,  99.76 ,  97.07 ,,  111.45 
10/1/2008,,,,
10/2/2008,  101.32 ,  98.79 ,,  112.15 
10/3/2008,  97.93 ,  95.40 ,,  107.26 
10/6/2008,  93.53 ,  91.05 ,,  100.02 
10/7/2008,  92.71 ,  90.23 ,,  98.11 
10/8/2008,  89.18 ,  86.70 ,,  93.58 
10/9/2008,  91.18 ,  88.76 ,,  95.90 
10/10/2008,  88.65 ,  86.22 ,,  89.52 
10/13/2008,  86.55 ,  84.12 ,,  88.91 
10/14/2008,  88.63 ,  86.20 ,,  91.50 
10/15/2008,  84.24 ,  81.86 ,,  88.13 
10/16/2008,  77.40 ,  73.30 ,,  82.18 
10/17/2008,  74.92 ,  71.02 ,,  83.46 
10/20/2008,  75.88 ,  72.33 ,,  83.82 
10/21/2008,  74.29 ,  71.32 ,,  85.94 
10/22/2008,  69.72 ,  66.97 ,,  82.87 
10/23/2008,  66.97 ,  64.69 ,,  82.96 
10/24/2008,  64.17 ,  62.44 ,,  80.54 
10/27/2008,,,,
10/28/2008,  62.32 ,  61.37 ,,  78.27 
10/29/2008,  63.02 ,  62.12 ,,  78.73 
10/30/2008,  67.46 ,  66.32 ,,  83.29 
10/31/2008,  59.47 ,  58.43 ,,  78.73 
11/3/2008,  62.02 ,  61.35 ,  85.29 ,  83.54 
11/4/2008,  55.92 ,  55.25 ,  82.55 ,  80.80 
11/5/2008,  59.92 ,  59.25 ,  86.64 ,  84.84 
11/6/2008,  56.04 ,  55.60 ,  81.22 ,  79.22 
11/7/2008,  53.75 ,  52.71 ,  78.13 ,  76.13 
11/10/2008,  55.50 ,  54.46 ,  81.14 ,  78.94 
11/11/2008,  52.63 ,  51.60 ,  78.33 ,  76.28 
11/12/2008,  50.78 ,  49.75 ,  76.56 ,  74.51 
11/13/2008,  47.79 ,  46.91 ,  72.80 ,  70.75 
11/14/2008,  49.09 ,  48.07 ,  76.44 ,  74.99 
11/17/2008,  46.22 ,  44.95 ,  75.62 ,  74.17 
11/18/2008,  44.52 ,  43.25 ,  73.28 ,  71.78 
11/19/2008,  42.12 ,  40.85 ,  71.81 ,  70.21 
11/20/2008,  41.04 ,  39.84 ,  70.85 ,  69.25 
11/21/2008,  39.36 ,  38.36 ,  68.75 ,  67.10 
11/24/2008,  39.31 ,  38.31 ,  67.33 ,  65.63 
11/25/2008,  43.25 ,  42.30 ,  70.85 ,  69.15 
11/26/2008,  40.50 ,  39.65 ,  69.73 ,  68.08 
11/27/2008,  43.50 ,  42.70 ,  71.76 ,  70.16 
11/28/2008,  44.98 ,  43.78 ,  71.50 ,  69.85 
12/1/2008,  45.20 ,  43.99 ,  70.09 ,  68.44 
12/2/2008,  40.03 ,  39.06 ,  66.00 ,  64.35 
12/3/2008,  39.07 ,  37.88 ,  65.31 ,  63.66 
12/4/2008,  36.30 ,  34.77 ,  64.92 ,  63.27 
12/5/2008,  34.60 ,  33.13 ,  64.12 ,  62.57 
12/8/2008,,,,
12/9/2008,  36.68 ,  35.21 ,  64.06 ,  62.51 
12/10/2008,  37.45 ,  35.11 ,  63.70 ,  62.15 
12/11/2008,  39.13 ,  36.26 ,  61.58 ,  60.08 
12/12/2008,  42.85 ,  40.30 ,  63.88 ,  62.38 
12/15/2008,  44.87 ,  42.25 ,  65.37 ,  63.97 
12/16/2008,  44.34 ,  41.96 ,  65.11 ,  63.81 
12/17/2008,  46.17 ,  43.74 ,  66.78 ,  65.58 
12/18/2008,  46.61 ,  44.18 ,  66.06 ,  65.21 
12/19/2008,  45.71 ,  42.71 ,  64.50 ,  62.55 
12/22/2008,  45.52 ,  42.57 ,  63.74 ,  61.44 
12/23/2008,  40.15 ,  38.03 ,  60.59 ,  58.29 
12/24/2008,  38.96 ,  36.32 ,  59.65 ,  57.40 
12/29/2008,  38.87 ,  36.41 ,  58.74 ,  56.49 
12/30/2008,  39.36 ,  36.90 ,  58.25 ,  56.00 
12/31/2008,  39.19 ,  36.85 ,  58.42 ,  56.17 
1/2/2009,  44.91 ,  41.94 ,  62.66 ,  60.41 
1/5/2009,  47.42 ,  44.44 ,  64.63 ,  62.43 
1/6/2009,  50.33 ,  47.31 ,  68.36 ,  66.21 
1/7/2009,  50.83 ,  47.81 ,  72.00 ,  69.85 
1/8/2009,  46.10 ,  43.10 ,  67.40 ,  65.15 
1/9/2009,  47.60 ,  44.60 ,  64.70 ,  62.75 
1/12/2009,  47.15 ,  44.20 ,  62.04 ,  60.14 
1/13/2009,  47.58 ,  44.69 ,  61.54 ,  59.54 
1/14/2009,  51.19 ,  48.44 ,  64.41 ,  62.66 
1/15/2009,  53.34 ,  50.59 ,  61.89 ,  60.14 
1/16/2009,  55.66 ,  52.31 ,  62.67 ,  60.92 
1/19/2009,  54.59 ,  51.29 ,  60.85 ,  59.15 
1/20/2009,  53.69 ,  50.44 ,  57.28 ,  55.58 
1/21/2009,  55.05 ,  51.85 ,  56.95 ,  55.25 
1/22/2009,  58.84 ,  55.35 ,  58.04 ,  55.94 
1/23/2009,  57.14 ,  52.70 ,  56.87 ,  54.57 
1/26/2009,,,,
1/27/2009,,,,
1/28/2009,  55.95 ,  51.90 ,  57.50 ,  55.10 
1/29/2009,  56.36 ,  52.55 ,  59.15 ,  56.45 
1/30/2009,  58.59 ,  55.00 ,  60.18 ,  57.48 
2/2/2009,  59.59 ,  56.41 ,  58.82 ,  56.07 
2/3/2009,  57.52 ,  54.73 ,  56.51 ,  53.21 
2/4/2009,  57.64 ,  54.85 ,  56.51 ,  52.91 
2/5/2009,  58.34 ,  55.60 ,  57.43 ,  53.53 
2/6/2009,  59.39 ,  56.70 ,  58.67 ,  54.77 
2/9/2009,  58.75 ,  56.05 ,  58.12 ,  54.27 
2/10/2009,  59.62 ,  56.93 ,  59.46 ,  55.61 
2/11/2009,  60.69 ,  58.05 ,  58.11 ,  54.21 
2/12/2009,  62.36 ,  59.72 ,  57.59 ,  53.64 
2/13/2009,  65.34 ,  62.36 ,  57.63 ,  53.78 
2/16/2009,  63.93 ,  60.08 ,  57.09 ,  53.34 
2/17/2009,  61.15 ,  57.94 ,  57.05 ,  53.30 
2/18/2009,  55.02 ,  52.84 ,  54.30 ,  50.30 
2/19/2009,  54.46 ,  52.34 ,  52.37 ,  48.87 
2/20/2009,  54.68 ,  52.88 ,  52.50 ,  49.00 
2/23/2009,  55.07 ,  53.23 ,  52.69 ,  49.24 
2/24/2009,  53.01 ,  51.16 ,  51.48 ,  48.18 
2/25/2009,  52.78 ,  51.05 ,  53.21 ,  49.96 
2/26/2009,  54.43 ,  52.05 ,  54.76 ,  51.46 
2/27/2009,  55.55 ,  53.44 ,  55.70 ,  52.35 
3/2/2009,  52.94 ,  52.15 ,  54.27 ,  50.92 
3/3/2009,  48.66 ,  47.95 ,  50.68 ,  47.44 
3/4/2009,  51.50 ,  50.20 ,  51.76 ,  48.72 
3/5/2009,  52.87 ,  51.52 ,  53.71 ,  50.67 
3/6/2009,  50.49 ,  49.90 ,  52.49 ,  49.45 
3/9/2009,  51.59 ,  51.00 ,  54.07 ,  51.03 
3/10/2009,  49.69 ,  49.15 ,  53.21 ,  50.12 
3/11/2009,  46.99 ,  46.55 ,  53.56 ,  50.47 
3/12/2009,  47.00 ,  45.44 ,  50.89 ,  48.40 
3/13/2009,  52.21 ,  50.01 ,  53.43 ,  51.04 
3/16/2009,  50.65 ,  49.30 ,  51.42 ,  49.08 
3/17/2009,  53.30 ,  52.05 ,  53.63 ,  51.39 
3/18/2009,  56.62 ,  54.92 ,  56.36 ,  54.27 
3/19/2009,  57.36 ,  56.21 ,  57.21 ,  55.17 
3/20/2009,  57.86 ,  57.11 ,  60.11 ,  58.27 
3/23/2009,  58.21 ,  57.46 ,  61.54 ,  59.84 
3/24/2009,  59.18 ,  58.23 ,  63.96 ,  62.31 
3/25/2009,  59.60 ,  58.65 ,  65.12 ,  63.57 
3/26/2009,  61.11 ,  60.16 ,  65.24 ,  63.64 
3/27/2009,  60.40 ,  59.45 ,  65.05 ,  63.45 
3/30/2009,  57.75 ,  56.51 ,  62.40 ,  60.65 
3/31/2009,  56.34 ,  55.10 ,  60.69 ,  58.94 
4/1/2009,  57.19 ,  55.95 ,  59.89 ,  58.14 
4/2/2009,  57.45 ,  56.21 ,  61.11 ,  59.61 
4/3/2009,  60.04 ,  57.93 ,  63.08 ,  61.88 
4/6/2009,  63.14 ,  61.14 ,  64.24 ,  63.18 
4/7/2009,  61.73 ,  59.77 ,  63.03 ,  61.97 
4/8/2009,  60.40 ,  58.50 ,  61.21 ,  60.15 
4/9/2009,  63.07 ,  60.72 ,  64.08 ,  63.02 
4/13/2009,  63.90 ,  61.37 ,  63.47 ,  62.41 
4/14/2009,  63.04 ,  60.51 ,  62.64 ,  61.44 
4/15/2009,  64.30 ,  61.53 ,  63.68 ,  62.48 
4/16/2009,  63.92 ,  61.15 ,  64.36 ,  62.96 
4/17/2009,  63.56 ,  61.20 ,  63.80 ,  62.30 
4/20/2009,  64.11 ,  61.81 ,  62.57 ,  61.12 
4/21/2009,  61.40 ,  59.10 ,  59.51 ,  58.36 
4/22/2009,  60.90 ,  58.60 ,  59.38 ,  58.13 
4/23/2009,  59.05 ,  56.75 ,  58.85 ,  57.60 
4/24/2009,  58.13 ,  55.73 ,  58.87 ,  57.62 
4/27/2009,  56.31 ,  54.26 ,  58.66 ,  57.36 
4/28/2009,  54.79 ,  52.54 ,  58.22 ,  56.92 
4/29/2009,  55.97 ,  53.72 ,  59.73 ,  58.48 
4/30/2009,  57.34 ,  55.09 ,  60.16 ,  58.96 
5/1/2009,,,,
5/4/2009,  60.43 ,  58.00 ,  62.60 ,  61.40 
5/5/2009,  63.33 ,  60.90 ,  63.48 ,  62.28 
5/6/2009,  63.79 ,  61.36 ,  64.34 ,  63.14 
5/7/2009,  65.80 ,  63.37 ,  67.24 ,  66.04 
5/8/2009,  66.89 ,  64.41 ,  67.39 ,  66.24 
5/11/2009,  66.37 ,  63.72 ,  66.67 ,  65.57 
5/12/2009,  66.51 ,  63.68 ,  67.24 ,  66.14 
5/13/2009,  66.34 ,  63.50 ,  67.45 ,  66.35 
5/14/2009,  66.49 ,  63.65 ,  65.38 ,  64.18 
5/15/2009,  70.01 ,  66.94 ,  66.69 ,  65.49 
5/18/2009,  68.43 ,  64.70 ,  64.21 ,  63.01 
5/19/2009,  70.98 ,  67.25 ,  66.69 ,  65.49 
5/20/2009,  71.95 ,  68.22 ,  66.64 ,  65.64 
5/21/2009,  70.90 ,  67.22 ,  67.16 ,  66.36 
5/22/2009,  70.44 ,  66.90 ,  67.25 ,  66.45 
5/25/2009,  69.87 ,  66.39 ,  66.31 ,  65.46 
5/26/2009,  69.68 ,  66.25 ,  66.03 ,  65.18 
5/27/2009,  72.64 ,  69.49 ,  68.55 ,  67.70 
5/28/2009,  73.29 ,  70.19 ,  68.88 ,  67.88 
5/29/2009,  75.81 ,  73.45 ,  72.32 ,  71.27 
6/1/2009,  76.37 ,  74.15 ,  75.49 ,  74.44 
6/2/2009,  75.40 ,  73.38 ,  76.83 ,  75.98 
6/3/2009,  75.59 ,  73.94 ,  78.77 ,  77.72 
6/4/2009,  76.33 ,  74.48 ,  76.07 ,  75.27 
6/5/2009,  79.14 ,  76.77 ,  77.01 ,  76.01 
6/8/2009,  77.21 ,  74.84 ,  74.96 ,  73.76 
6/9/2009,  77.02 ,  74.65 ,  78.01 ,  76.31 
6/10/2009,  76.97 ,  74.90 ,  80.29 ,  78.74 
6/11/2009,  77.92 ,  75.85 ,  80.96 ,  79.41 
6/12/2009,  79.93 ,  77.86 ,  80.79 ,  79.24 
6/15/2009,  78.57 ,  76.50 ,  79.52 ,  78.07 
6/16/2009,  78.53 ,  76.46 ,  79.27 ,  78.02 
6/17/2009,  77.98 ,  76.20 ,  79.17 ,  77.92 
6/18/2009,  77.99 ,  76.30 ,  80.95 ,  79.70 
6/19/2009,  79.44 ,  77.35 ,  80.51 ,  79.26 
6/22/2009,  76.05 ,  73.96 ,  78.14 ,  76.89 
6/23/2009,  73.13 ,  71.04 ,  75.43 ,  74.13 
6/24/2009,  74.94 ,  72.43 ,  77.45 ,  76.20 
6/25/2009,  75.60 ,  73.09 ,  77.27 ,  76.07 
6/26/2009,  77.86 ,  75.35 ,  78.94 ,  77.59 
6/29/2009,  76.12 ,  73.61 ,  77.01 ,  75.66 
6/30/2009,  79.18 ,  77.04 ,  80.09 ,  78.74 
7/1/2009,  76.55 ,  74.65 ,  77.58 ,  76.53 
7/2/2009,  74.94 ,  73.04 ,  75.18 ,  74.13 
7/3/2009,  73.29 ,  71.39 ,  73.45 ,  72.40 
7/6/2009,  70.16 ,  68.26 ,  71.38 ,  70.33 
7/7/2009,  70.63 ,  68.73 ,  71.04 ,  70.04 
7/8/2009,  69.57 ,  67.67 ,  69.82 ,  68.82 
7/9/2009,  68.40 ,  66.50 ,  69.05 ,  68.10 
7/10/2009,  67.49 ,  65.18 ,  68.36 ,  67.46 
7/13/2009,  66.94 ,  64.77 ,  67.53 ,  66.73 
7/14/2009,  67.98 ,  65.90 ,  68.05 ,  67.30 
7/15/2009,  68.03 ,  65.95 ,  68.01 ,  67.31 
7/16/2009,  70.03 ,  67.95 ,  69.39 ,  68.74 
7/17/2009,  70.68 ,  68.60 ,  70.13 ,  69.48 
7/20/2009,  73.67 ,  71.59 ,  73.67 ,  73.02 
7/21/2009,  73.12 ,  71.05 ,  74.13 ,  73.48 
7/22/2009,  73.72 ,  71.65 ,  73.43 ,  72.78 
7/23/2009,  75.17 ,  73.28 ,  73.96 ,  73.31 
7/24/2009,  77.67 ,  75.89 ,  77.11 ,  76.46 
7/27/2009,  78.32 ,  76.54 ,  78.06 ,  77.51 
7/28/2009,  78.15 ,  76.34 ,  78.63 ,  77.83 
7/29/2009,  75.60 ,  73.79 ,  76.34 ,  75.54 
7/30/2009,  74.77 ,  72.74 ,  73.52 ,  72.77 
7/31/2009,  80.18 ,  77.96 ,  76.69 ,  75.94 
8/3/2009,  83.23 ,  81.01 ,  79.05 ,  78.25 
8/4/2009,  83.36 ,  81.34 ,  79.48 ,  78.68 
8/5/2009,  83.76 ,  81.92 ,  81.16 ,  80.36 
8/6/2009,  84.15 ,  82.31 ,  83.58 ,  82.78 
8/7/2009,  83.54 ,  81.53 ,  82.29 ,  81.54 
8/10/2009,,,,
8/11/2009,  84.53 ,  82.33 ,  82.05 ,  81.35 
8/12/2009,  83.28 ,  81.08 ,  80.29 ,  79.59 
8/13/2009,  83.78 ,  81.53 ,  81.64 ,  80.94 
8/14/2009,  83.83 ,  81.54 ,  82.09 ,  81.39 
8/17/2009,  78.39 ,  76.40 ,  77.83 ,  77.08 
8/18/2009,  78.76 ,  76.97 ,  78.66 ,  77.86 
8/19/2009,  79.75 ,  77.96 ,  79.46 ,  78.66 
8/20/2009,  81.78 ,  80.14 ,  81.89 ,  81.09 
8/21/2009,  81.15 ,  79.25 ,  80.55 ,  79.75 
8/24/2009,  82.94 ,  80.66 ,  81.71 ,  80.91 
8/25/2009,  82.44 ,  80.24 ,  81.28 ,  80.48 
8/26/2009,  82.08 ,  79.88 ,  80.14 ,  79.34 
8/27/2009,  80.52 ,  78.37 ,  79.35 ,  78.50 
8/28/2009,  81.19 ,  79.64 ,  80.75 ,  79.70 
8/31/2009,  80.07 ,  78.50 ,  79.50 ,  78.50 
9/1/2009,  78.43 ,  76.86 ,  78.99 ,  77.84 
9/2/2009,  76.96 ,  75.29 ,  76.60 ,  75.65 
9/3/2009,  78.09 ,  76.42 ,  77.22 ,  76.27 
9/4/2009,  77.16 ,  75.49 ,  76.13 ,  75.43 
9/7/2009,  75.94 ,  74.47 ,  75.48 ,  74.88 
9/8/2009,  75.99 ,  74.28 ,  75.79 ,  75.19 
9/9/2009,  78.09 ,  76.37 ,  77.17 ,  76.62 
9/10/2009,  78.29 ,  76.57 ,  78.13 ,  77.58 
9/11/2009,  77.34 ,  75.57 ,  77.26 ,  76.51 
9/14/2009,  74.94 ,  73.17 ,  74.71 ,  73.96 
9/15/2009,  74.86 ,  73.09 ,  75.02 ,  74.22 
9/16/2009,  76.58 ,  74.91 ,  76.00 ,  75.20 
9/17/2009,  79.92 ,  77.83 ,  78.14 ,  77.04 
9/18/2009,  79.12 ,  77.08 ,  78.04 ,  76.94 
9/21/2009,,,,
9/22/2009,  77.30 ,  75.31 ,  76.84 ,  75.54 
9/23/2009,  77.75 ,  75.76 ,  78.25 ,  76.90 
9/24/2009,  72.94 ,  71.05 ,  75.12 ,  73.77 
9/25/2009,  69.42 ,  67.53 ,  73.05 ,  71.40 
9/28/2009,  68.55 ,  66.66 ,  72.38 ,  70.78 
9/29/2009,  70.20 ,  68.31 ,  73.49 ,  71.94 
9/30/2009,  70.43 ,  68.54 ,  73.78 ,  72.23 
10/1/2009,  74.73 ,  72.21 ,  76.35 ,  74.80 
10/2/2009,  72.64 ,  71.14 ,  75.78 ,  74.18 
10/5/2009,  70.99 ,  69.67 ,  75.21 ,  73.21 
10/6/2009,  73.00 ,  71.68 ,  75.60 ,  73.55 
10/7/2009,  73.55 ,  71.75 ,  76.72 ,  74.72 
10/8/2009,  71.36 ,  69.56 ,  75.75 ,  73.70 
10/9/2009,  73.68 ,  72.06 ,  76.93 ,  74.88 
10/12/2009,  74.03 ,  72.41 ,  78.86 ,  76.86 
10/13/2009,  74.74 ,  73.36 ,  80.72 ,  78.77 
10/14/2009,  75.76 ,  74.38 ,  82.10 ,  80.20 
10/15/2009,  77.10 ,  75.39 ,  83.08 ,  81.18 
10/16/2009,  79.56 ,  77.76 ,  85.12 ,  83.17 
10/19/2009,  79.96 ,  78.26 ,  85.85 ,  84.00 
10/20/2009,  80.72 ,  79.24 ,  86.04 ,  84.29 
10/21/2009,  80.27 ,  78.79 ,  85.62 ,  83.92 
10/22/2009,  82.47 ,  80.94 ,  87.87 ,  86.17 
10/23/2009,  83.78 ,  82.01 ,  88.79 ,  87.09 
10/26/2009,  83.16 ,  81.39 ,  88.12 ,  86.42 
10/27/2009,  82.76 ,  81.00 ,  86.79 ,  85.04 
10/28/2009,  83.04 ,  81.28 ,  86.56 ,  84.91 
10/29/2009,  80.05 ,  78.28 ,  84.94 ,  83.39 
10/30/2009,  82.25 ,  80.49 ,  86.67 ,  85.37 
11/2/2009,  80.04 ,  78.27 ,  84.91 ,  83.71 
11/3/2009,  80.63 ,  78.86 ,  85.80 ,  84.65 
11/4/2009,  81.53 ,  79.77 ,  87.30 ,  86.15 
11/5/2009,  81.98 ,  80.22 ,  87.10 ,  85.95 
11/6/2009,  82.30 ,  80.54 ,  87.36 ,  86.21 
11/9/2009,  80.76 ,  79.00 ,  85.68 ,  84.53 
11/10/2009,  82.01 ,  80.23 ,  85.66 ,  84.51 
11/11/2009,  83.05 ,  80.76 ,  86.01 ,  85.11 
11/12/2009,  82.51 ,  80.49 ,  85.73 ,  84.83 
11/13/2009,  81.48 ,  78.96 ,  84.18 ,  83.33 
11/16/2009,  82.01 ,  79.17 ,  84.10 ,  83.15 
11/17/2009,  82.98 ,  80.35 ,  85.38 ,  84.38 
11/18/2009,  83.99 ,  81.51 ,  87.50 ,  86.50 
11/19/2009,  82.89 ,  81.07 ,  86.73 ,  85.73 
11/20/2009,  82.28 ,  80.46 ,  85.40 ,  84.35 
11/23/2009,  82.88 ,  81.00 ,  85.40 ,  84.35 
11/24/2009,  81.38 ,  79.50 ,  84.69 ,  83.64 
11/25/2009,  80.56 ,  78.68 ,  84.37 ,  83.32 
11/26/2009,  80.98 ,  79.10 ,  84.45 ,  83.40 
11/27/2009,,,,
11/30/2009,  81.54 ,  79.70 ,  85.11 ,  84.06 
12/1/2009,  83.50 ,  81.75 ,  86.22 ,  85.17 
12/2/2009,  84.20 ,  81.58 ,  87.07 ,  85.90 
12/3/2009,  84.10 ,  81.48 ,  85.76 ,  84.64 
12/4/2009,  83.20 ,  80.77 ,  84.86 ,  83.69 
12/7/2009,  82.43 ,  80.11 ,  84.75 ,  83.60 
12/8/2009,  81.44 ,  79.34 ,  84.53 ,  83.38 
12/9/2009,  81.15 ,  78.74 ,  83.82 ,  82.72 
12/10/2009,  78.70 ,  75.80 ,  80.75 ,  79.60 
12/11/2009,  78.16 ,  75.01 ,  79.61 ,  78.46 
12/14/2009,  78.06 ,  74.91 ,  79.10 ,  77.95 
12/15/2009,  78.11 ,  74.91 ,  78.95 ,  77.60 
12/16/2009,  79.26 ,  76.11 ,  80.38 ,  78.83 
12/17/2009,  79.73 ,  76.41 ,  81.43 ,  79.83 
12/18/2009,  79.51 ,  76.21 ,  81.39 ,  79.61 
12/21/2009,  80.46 ,  77.16 ,  81.38 ,  79.55 
12/22/2009,  81.48 ,  78.23 ,  81.13 ,  79.18 
12/23/2009,  81.87 ,  78.68 ,  81.86 ,  79.81 
12/24/2009,  83.79 ,  80.69 ,  84.35 ,  82.30 
12/28/2009,  84.89 ,  80.95 ,  84.48 ,  82.48 
12/29/2009,  85.00 ,  82.20 ,  85.67 ,  83.67 
12/30/2009,  85.10 ,  82.10 ,  86.50 ,  84.60 
12/31/2009,  86.55 ,  83.65 ,  86.83 ,  84.98 
1/4/2010,  86.99 ,  84.30 ,  87.50 ,  85.55 
1/5/2010,  88.76 ,  85.89 ,  89.88 ,  87.73 
1/6/2010,  88.36 ,  85.50 ,  90.31 ,  88.16 
1/7/2010,  89.10 ,  86.21 ,  91.27 ,  89.32 
1/8/2010,  90.55 ,  87.05 ,  90.98 ,  89.18 
1/11/2010,  91.95 ,  89.10 ,  92.02 ,  90.37 
1/12/2010,  90.58 ,  87.73 ,  90.49 ,  88.89 
1/13/2010,  88.49 ,  85.21 ,  87.94 ,  86.44 
1/14/2010,  89.64 ,  85.36 ,  87.73 ,  86.48 
1/15/2010,  88.59 ,  84.87 ,  86.80 ,  85.55 
1/18/2010,  87.46 ,  84.31 ,  85.78 ,  84.53 
1/19/2010,  87.75 ,  84.60 ,  85.52 ,  84.27 
1/20/2010,  88.20 ,  85.05 ,  85.75 ,  84.45 
1/21/2010,  88.28 ,  85.18 ,  85.52 ,  84.22 
1/22/2010,  85.63 ,  82.53 ,  84.68 ,  83.43 
1/25/2010,  85.02 ,  81.92 ,  81.86 ,  81.21 
1/26/2010,  86.15 ,  83.10 ,  81.43 ,  80.78 
1/27/2010,  86.15 ,  83.10 ,  81.59 ,  80.89 
1/28/2010,  86.83 ,  83.78 ,  81.58 ,  80.83 
1/29/2010,  85.67 ,  82.67 ,  81.11 ,  80.36 
2/1/2010,  85.10 ,  82.35 ,  80.34 ,  78.99 
2/2/2010,  87.60 ,  84.55 ,  81.57 ,  80.47 
2/3/2010,  90.03 ,  86.98 ,  85.57 ,  84.77 
2/4/2010,  88.35 ,  85.60 ,  84.54 ,  83.74 
2/5/2010,  83.99 ,  81.38 ,  80.43 ,  79.68 
2/8/2010,  81.94 ,  79.35 ,  79.72 ,  78.97 
2/9/2010,  82.71 ,  79.74 ,  80.38 ,  79.68 
2/10/2010,  84.33 ,  80.85 ,  81.25 ,  80.55 
2/11/2010,  84.21 ,  80.64 ,  82.51 ,  81.61 
2/12/2010,  84.05 ,  80.48 ,  82.66 ,  81.76 
2/15/2010,,,,
2/16/2010,,,,
2/17/2010,  86.75 ,  83.84 ,  84.95 ,  84.05 
2/18/2010,  85.83 ,  83.04 ,  83.86 ,  82.96 
2/19/2010,  87.64 ,  84.91 ,  84.92 ,  84.02 
2/22/2010,  89.76 ,  87.03 ,  87.41 ,  86.61 
2/23/2010,  89.21 ,  86.68 ,  87.41 ,  86.66 
2/24/2010,  88.35 ,  85.43 ,  85.84 ,  85.34 
2/25/2010,  89.59 ,  86.45 ,  86.53 ,  86.08 
2/26/2010,  87.43 ,  84.57 ,  84.62 ,  84.22 
3/1/2010,  89.36 ,  86.60 ,  87.21 ,  86.71 
3/2/2010,  88.05 ,  85.28 ,  86.20 ,  85.40 
3/3/2010,  89.59 ,  86.81 ,  87.18 ,  86.38 
3/4/2010,  91.30 ,  88.45 ,  87.73 ,  86.98 
3/5/2010,  91.75 ,  88.90 ,  88.14 ,  87.39 
3/8/2010,  93.23 ,  90.30 ,  89.22 ,  88.62 
3/9/2010,  92.35 ,  89.41 ,  88.99 ,  88.44 
3/10/2010,  91.41 ,  88.71 ,  88.88 ,  88.43 
3/11/2010,  91.83 ,  89.33 ,  89.75 ,  89.35 
3/12/2010,  92.32 ,  89.92 ,  90.26 ,  89.91 
3/15/2010,  91.69 ,  89.29 ,  89.42 ,  89.12 
3/16/2010,  89.65 ,  87.25 ,  87.17 ,  86.62 
3/17/2010,  92.00 ,  89.60 ,  89.81 ,  89.16 
3/18/2010,  91.85 ,  89.45 ,  89.47 ,  88.82 
3/19/2010,  92.15 ,  89.85 ,  89.89 ,  89.29 
3/22/2010,  90.36 ,  88.06 ,  88.33 ,  87.83 
3/23/2010,  90.74 ,  88.49 ,  88.70 ,  88.15 
3/24/2010,  89.79 ,  87.89 ,  88.91 ,  88.16 
3/25/2010,  89.11 ,  87.41 ,  88.61 ,  87.97 
3/26/2010,  89.39 ,  87.69 ,  89.28 ,  88.64 
3/29/2010,  89.12 ,  87.42 ,  89.09 ,  88.44 
3/30/2010,  91.15 ,  89.25 ,  90.35 ,  89.70 
3/31/2010,  91.54 ,  89.64 ,  90.96 ,  90.36 
4/1/2010,  93.33 ,  91.25 ,  92.00 ,  91.40 
4/5/2010,  94.96 ,  92.94 ,  95.06 ,  94.51 
4/6/2010,  95.21 ,  92.75 ,  96.62 ,  96.17 
4/7/2010,  95.12 ,  92.66 ,  96.87 ,  96.36 
4/8/2010,  93.55 ,  91.15 ,  95.86 ,  95.35 
4/9/2010,  95.05 ,  92.65 ,  96.76 ,  96.25 
4/12/2010,  94.46 ,  92.06 ,  96.53 ,  96.02 
4/13/2010,  93.55 ,  91.15 ,  95.46 ,  94.95 
4/14/2010,  94.25 ,  91.85 ,  96.27 ,  95.66 
4/15/2010,  94.83 ,  92.80 ,  96.88 ,  96.33 
4/16/2010,  93.65 ,  92.00 ,  97.01 ,  96.54 
4/19/2010,  91.12 ,  89.16 ,  94.11 ,  93.66 
4/20/2010,  92.33 ,  90.28 ,  94.96 ,  94.56 
4/21/2010,  94.28 ,  92.23 ,  95.37 ,  94.97 
4/22/2010,  93.66 ,  91.56 ,  96.27 ,  95.87 
4/23/2010,  93.75 ,  91.70 ,  96.05 ,  95.65 
4/26/2010,  95.67 ,  93.62 ,  97.79 ,  97.19 
4/27/2010,  94.59 ,  92.54 ,  97.19 ,  96.34 
4/28/2010,  93.10 ,  91.05 ,  96.37 ,  95.32 
4/29/2010,  93.80 ,  91.70 ,  97.63 ,  96.58 
4/30/2010,  95.04 ,  92.94 ,  99.29 ,  98.04 
5/3/2010,  95.87 ,  93.88 ,  99.66 ,  98.41 
5/4/2010,  96.57 ,  94.80 ,  101.24 ,  99.99 
5/5/2010,  92.40 ,  90.70 ,  97.27 ,  96.02 
5/6/2010,  89.15 ,  87.45 ,  94.87 ,  93.69 
5/7/2010,  86.79 ,  84.70 ,  92.59 ,  91.49 
5/10/2010,  88.15 ,  86.08 ,  93.89 ,  92.84 
5/11/2010,  85.86 ,  84.09 ,  91.83 ,  90.85 
5/12/2010,  87.51 ,  85.74 ,  93.95 ,  93.05 
5/13/2010,  88.62 ,  86.62 ,  93.90 ,  93.10 
5/14/2010,  87.45 ,  85.40 ,  91.94 ,  91.14 
5/17/2010,  84.02 ,  81.90 ,  88.40 ,  87.58 
5/18/2010,  83.45 ,  81.33 ,  87.76 ,  86.96 
5/19/2010,  81.17 ,  79.05 ,  84.91 ,  84.13 
5/20/2010,  81.20 ,  79.08 ,  84.64 ,  83.79 
5/21/2010,  78.51 ,  76.11 ,  81.97 ,  81.14 
5/24/2010,  79.00 ,  76.60 ,  82.38 ,  81.45 
5/25/2010,  76.98 ,  74.63 ,  80.61 ,  79.71 
5/26/2010,  78.20 ,  75.85 ,  81.69 ,  80.79 
5/27/2010,  79.16 ,  76.76 ,  83.51 ,  82.51 
5/28/2010,,,,
5/31/2010,  82.31 ,  79.96 ,  86.66 ,  85.61 
6/1/2010,  80.06 ,  78.28 ,  84.69 ,  83.64 
6/2/2010,  79.64 ,  77.39 ,  84.23 ,  83.28 
6/3/2010,  82.55 ,  80.66 ,  86.98 ,  86.03 
6/4/2010,  83.68 ,  81.63 ,  87.41 ,  86.41 
6/7/2010,  79.14 ,  77.19 ,  83.18 ,  82.38 
6/8/2010,  80.43 ,  78.86 ,  84.48 ,  83.68 
6/9/2010,  80.26 ,  78.76 ,  84.28 ,  83.48 
6/10/2010,  81.94 ,  80.41 ,  85.73 ,  84.93 
6/11/2010,  83.31 ,  81.39 ,  86.48 ,  85.38 
6/14/2010,  83.69 ,  82.02 ,  87.42 ,  86.22 
6/15/2010,  83.66 ,  81.86 ,  87.20 ,  85.80 
6/16/2010,  84.51 ,  82.93 ,  88.59 ,  87.14 
6/17/2010,  86.22 ,  84.62 ,  90.96 ,  89.51 
6/18/2010,  86.30 ,  84.70 ,  91.47 ,  90.17 
6/21/2010,  87.61 ,  86.01 ,  92.52 ,  91.27 
6/22/2010,  85.42 ,  83.82 ,  91.73 ,  90.48 
6/23/2010,  85.50 ,  83.95 ,  91.22 ,  90.02 
6/24/2010,  82.81 ,  81.26 ,  89.11 ,  87.96 
6/25/2010,  83.61 ,  82.06 ,  88.43 ,  87.48 
6/28/2010,  85.61 ,  84.06 ,  89.91 ,  89.01 
6/29/2010,  83.14 ,  81.31 ,  88.42 ,  87.52 
6/30/2010,  82.69 ,  80.61 ,  87.48 ,  86.63 
7/1/2010,  81.63 ,  79.20 ,  85.27 ,  84.57 
7/2/2010,  80.51 ,  78.03 ,  83.53 ,  82.86 
7/5/2010,  79.97 ,  77.67 ,  83.22 ,  82.44 
7/6/2010,  79.56 ,  77.25 ,  83.46 ,  82.76 
7/7/2010,  79.45 ,  77.15 ,  82.97 ,  82.22 
7/8/2010,  81.95 ,  79.65 ,  85.98 ,  85.13 
7/9/2010,  82.54 ,  80.10 ,  86.90 ,  86.10 
7/12/2010,  83.05 ,  80.66 ,  86.72 ,  85.82 
7/13/2010,  81.76 ,  79.66 ,  85.60 ,  84.70 
7/14/2010,  83.59 ,  81.69 ,  87.93 ,  87.03 
7/15/2010,  82.99 ,  81.09 ,  87.38 ,  86.43 
7/16/2010,  82.41 ,  80.61 ,  87.17 ,  86.12 
7/19/2010,  82.31 ,  80.51 ,  86.77 ,  85.72 
7/20/2010,  82.66 ,  80.93 ,  87.60 ,  86.55 
7/21/2010,  83.05 ,  81.13 ,  88.26 ,  87.21 
7/22/2010,  82.37 ,  80.45 ,  86.74 ,  85.84 
7/23/2010,  85.62 ,  83.70 ,  89.79 ,  88.84 
7/26/2010,  84.60 ,  82.79 ,  89.06 ,  88.11 
7/27/2010,  84.43 ,  82.62 ,  89.62 ,  88.67 
7/28/2010,  82.49 ,  80.57 ,  87.54 ,  86.59 
7/29/2010,  82.77 ,  81.07 ,  87.86 ,  86.96 
7/30/2010,  83.49 ,  81.66 ,  88.46 ,  87.61 
8/2/2010,  85.10 ,  83.26 ,  90.49 ,  89.64 
8/3/2010,  86.88 ,  85.06 ,  92.39 ,  91.59 
8/4/2010,  87.16 ,  85.26 ,  93.78 ,  92.98 
8/5/2010,  86.80 ,  85.17 ,  93.70 ,  93.20 
8/6/2010,  86.78 ,  85.15 ,  93.18 ,  92.71 
8/9/2010,,,,
8/10/2010,  84.96 ,  83.19 ,  91.18 ,  90.56 
8/11/2010,  85.24 ,  83.46 ,  90.36 ,  89.66 
8/12/2010,  82.81 ,  81.16 ,  88.51 ,  87.88 
8/13/2010,  82.20 ,  80.30 ,  87.21 ,  86.51 
8/16/2010,  81.15 ,  79.25 ,  86.59 ,  85.89 
8/17/2010,  81.45 ,  79.55 ,  86.68 ,  85.88 
8/18/2010,  81.53 ,  79.63 ,  87.08 ,  86.28 
8/19/2010,  82.04 ,  80.32 ,  87.58 ,  86.78 
8/20/2010,  80.80 ,  79.06 ,  86.68 ,  85.81 
8/23/2010,  79.99 ,  78.34 ,  85.57 ,  84.70 
8/24/2010,  78.47 ,  77.02 ,  84.56 ,  83.69 
8/25/2010,  78.23 ,  76.97 ,  84.91 ,  84.01 
8/26/2010,  79.15 ,  77.89 ,  85.87 ,  84.97 
8/27/2010,  79.61 ,  78.14 ,  86.31 ,  85.31 
8/30/2010,  81.86 ,  80.21 ,  87.52 ,  86.47 
8/31/2010,  80.61 ,  78.96 ,  86.58 ,  85.43 
9/1/2010,  79.78 ,  78.08 ,  86.12 ,  84.97 
9/2/2010,  81.40 ,  79.40 ,  87.55 ,  86.40 
9/3/2010,  82.36 ,  80.11 ,  87.98 ,  86.83 
9/6/2010,  81.99 ,  79.74 ,  87.90 ,  86.65 
9/7/2010,  81.31 ,  79.04 ,  87.20 ,  85.95 
9/8/2010,  82.32 ,  80.18 ,  87.93 ,  86.63 
9/9/2010,  82.73 ,  80.59 ,  88.45 ,  87.10 
9/10/2010,,,,
9/13/2010,  83.22 ,  81.36 ,  88.92 ,  87.52 
9/14/2010,  83.36 ,  81.51 ,  89.63 ,  88.23 
9/15/2010,  82.86 ,  81.01 ,  89.62 ,  88.17 
9/16/2010,  83.10 ,  81.25 ,  89.81 ,  88.33 
9/17/2010,  83.01 ,  81.16 ,  89.88 ,  88.35 
9/20/2010,  82.26 ,  80.46 ,  89.59 ,  87.96 
9/21/2010,  83.35 ,  81.55 ,  90.74 ,  89.05 
9/22/2010,  82.25 ,  80.45 ,  89.79 ,  88.10 
9/23/2010,  81.44 ,  79.46 ,  89.05 ,  87.40 
9/24/2010,  82.23 ,  80.21 ,  89.62 ,  87.97 
9/27/2010,  83.28 ,  81.26 ,  90.24 ,  88.54 
9/28/2010,  82.53 ,  80.51 ,  89.16 ,  87.44 
9/29/2010,  83.68 ,  81.66 ,  90.15 ,  88.45 
9/30/2010,  85.15 ,  83.13 ,  92.17 ,  90.37 
10/1/2010,  87.32 ,  85.49 ,  95.04 ,  92.64 
10/4/2010,  87.94 ,  86.11 ,  95.28 ,  93.03 
10/5/2010,  88.29 ,  86.46 ,  95.47 ,  93.27 
10/6/2010,  89.47 ,  87.64 ,  96.87 ,  94.67 
10/7/2010,  90.79 ,  88.96 ,  97.45 ,  95.40 
10/8/2010,  88.76 ,  86.94 ,  94.96 ,  92.91 
10/11/2010,  91.14 ,  89.06 ,  96.35 ,  94.40 
10/12/2010,  90.33 ,  88.26 ,  95.45 ,  93.40 
10/13/2010,  91.01 ,  88.98 ,  96.64 ,  94.59 
10/14/2010,  92.10 ,  90.07 ,  97.58 ,  95.58 
10/15/2010,  91.34 ,  89.12 ,  96.90 ,  94.85 
10/18/2010,  88.92 ,  86.70 ,  94.07 ,  92.07 
10/19/2010,  91.08 ,  88.82 ,  96.05 ,  93.98 
10/20/2010,  88.57 ,  86.16 ,  94.39 ,  92.31 
10/21/2010,  89.48 ,  87.17 ,  95.70 ,  93.62 
10/22/2010,  88.57 ,  86.52 ,  94.37 ,  92.42 
10/25/2010,  90.94 ,  88.89 ,  96.59 ,  94.64 
10/26/2010,  89.38 ,  87.33 ,  95.36 ,  93.41 
10/27/2010,  88.84 ,  86.79 ,  95.06 ,  93.06 
10/28/2010,  89.97 ,  87.92 ,  95.37 ,  93.37 
10/29/2010,  89.57 ,  87.52 ,  94.76 ,  92.76 
11/1/2010,  89.51 ,  87.33 ,  94.98 ,  92.93 
11/2/2010,  90.70 ,  88.52 ,  96.99 ,  94.79 
11/3/2010,  91.48 ,  89.30 ,  97.24 ,  94.94 
11/4/2010,  93.53 ,  91.35 ,  99.49 ,  96.89 
11/5/2010,,,,
11/8/2010,  94.91 ,  92.69 ,  101.00 ,  98.70 
11/9/2010,  94.39 ,  91.74 ,  101.59 ,  99.39 
11/10/2010,  95.25 ,  92.74 ,  102.62 ,  100.42 
11/11/2010,  95.70 ,  94.02 ,  103.95 ,  101.95 
11/12/2010,  93.18 ,  91.73 ,  101.90 ,  100.08 
11/15/2010,  93.21 ,  91.95 ,  101.16 ,  99.63 
11/16/2010,  93.19 ,  91.58 ,  99.74 ,  98.31 
11/17/2010,,,,
11/18/2010,  91.79 ,  89.98 ,  97.73 ,  96.28 
11/19/2010,  93.60 ,  91.78 ,  98.59 ,  97.09 
11/22/2010,  93.10 ,  90.69 ,  98.04 ,  96.44 
11/23/2010,  91.10 ,  88.69 ,  96.57 ,  95.07 
11/24/2010,  91.15 ,  88.74 ,  96.73 ,  95.23 
11/25/2010,  93.59 ,  91.24 ,  98.76 ,  97.31 
11/26/2010,  94.03 ,  92.13 ,  98.67 ,  97.22 
11/29/2010,  94.87 ,  93.00 ,  99.50 ,  97.95 
11/30/2010,  95.95 ,  93.80 ,  100.22 ,  98.67 
12/1/2010,  95.92 ,  93.74 ,  99.35 ,  97.65 
12/2/2010,  99.46 ,  97.28 ,  101.74 ,  100.14 
12/3/2010,  101.09 ,  99.06 ,  103.13 ,  101.68 
12/6/2010,  102.66 ,  100.85 ,  105.46 ,  104.16 
12/7/2010,  102.02 ,  100.05 ,  104.69 ,  103.59 
12/8/2010,  101.05 ,  98.62 ,  104.21 ,  103.06 
12/9/2010,  101.43 ,  98.96 ,  104.89 ,  103.74 
12/10/2010,  101.62 ,  99.81 ,  104.91 ,  103.56 
12/13/2010,  101.36 ,  99.34 ,  104.62 ,  103.37 
12/14/2010,  101.09 ,  99.02 ,  104.71 ,  103.46 
12/15/2010,  100.26 ,  98.19 ,  103.79 ,  102.54 
12/16/2010,  101.79 ,  99.72 ,  104.55 ,  103.30 
12/17/2010,  101.79 ,  99.64 ,  104.73 ,  103.48 
12/20/2010,  101.44 ,  99.39 ,  104.46 ,  103.21 
12/21/2010,  102.92 ,  100.87 ,  105.16 ,  103.91 
12/22/2010,  103.84 ,  101.85 ,  106.43 ,  105.23 
12/23/2010,  103.99 ,  101.84 ,  106.69 ,  105.49 
12/24/2010,  104.79 ,  102.79 ,  107.48 ,  106.28 
12/27/2010,,,,
12/28/2010,  104.44 ,  102.44 ,  106.80 ,  105.55 
12/29/2010,  104.81 ,  102.81 ,  107.27 ,  106.02 
12/30/2010,  104.59 ,  102.59 ,  107.55 ,  106.35 
12/31/2010,  103.51 ,  101.51 ,  106.11 ,  104.91 
1/3/2011,,,,
1/4/2011,  105.39 ,  103.34 ,  108.84 ,  107.64 
1/5/2011,  103.70 ,  101.65 ,  106.45 ,  105.30 
1/6/2011,  106.30 ,  104.25 ,  108.61 ,  107.46 
1/7/2011,  105.04 ,  103.20 ,  107.08 ,  105.93 
1/10/2011,  104.71 ,  102.87 ,  107.18 ,  105.98 
1/11/2011,  105.58 ,  103.74 ,  109.01 ,  107.81 
1/12/2011,  107.17 ,  105.27 ,  111.35 ,  110.21 
1/13/2011,  107.55 ,  105.65 ,  111.55 ,  110.41 
1/14/2011,  107.59 ,  105.69 ,  111.35 ,  110.21 
1/17/2011,  108.34 ,  106.23 ,  111.96 ,  110.86 
1/18/2011,  108.03 ,  106.18 ,  112.27 ,  111.17 
1/19/2011,  108.24 ,  106.40 ,  112.75 ,  111.65 
1/20/2011,  107.74 ,  105.90 ,  111.89 ,  110.74 
1/21/2011,  106.66 ,  104.63 ,  111.69 ,  110.49 
1/24/2011,  107.98 ,  105.50 ,  112.21 ,  111.01 
1/25/2011,  105.92 ,  103.49 ,  110.97 ,  109.52 
1/26/2011,  103.48 ,  101.48 ,  110.72 ,  109.27 
1/27/2011,  105.74 ,  103.58 ,  112.23 ,  110.83 
1/28/2011,  105.24 ,  102.95 ,  112.40 ,  110.98 
1/31/2011,  107.14 ,  104.85 ,  113.36 ,  112.15 
2/1/2011,  109.34 ,  107.05 ,  114.54 ,  113.26 
2/2/2011,  110.41 ,  107.96 ,  116.25 ,  115.01 
2/3/2011,,,,
2/4/2011,,,,
2/7/2011,  107.43 ,  104.98 ,  115.73 ,  114.49 
2/8/2011,  107.99 ,  105.49 ,  116.27 ,  115.03 
2/9/2011,  108.95 ,  106.76 ,  117.31 ,  116.07 
2/10/2011,  109.17 ,  106.93 ,  118.59 ,  117.30 
2/11/2011,  108.07 ,  105.83 ,  118.34 ,  117.05 
2/14/2011,  108.14 ,  105.90 ,  117.60 ,  116.33 
2/15/2011,  109.87 ,  107.61 ,  119.61 ,  118.39 
2/16/2011,  108.63 ,  106.31 ,  118.28 ,  117.06 
2/17/2011,  111.25 ,  108.90 ,  119.80 ,  118.65 
2/18/2011,  109.96 ,  107.71 ,  118.62 ,  117.57 
2/21/2011,  112.09 ,  109.84 ,  119.94 ,  118.89 
2/22/2011,  115.06 ,  112.79 ,  122.76 ,  121.71 
2/23/2011,  114.60 ,  112.40 ,  122.34 ,  121.44 
2/24/2011,  123.42 ,  121.65 ,  130.24 ,  129.34 
2/25/2011,  118.81 ,  117.04 ,  126.66 ,  125.71 
2/28/2011,  119.90 ,  118.10 ,  128.41 ,  127.41 
3/1/2011,  117.79 ,  115.81 ,  127.27 ,  126.27 
3/2/2011,  120.90 ,  118.94 ,  130.81 ,  129.66 
3/3/2011,  121.56 ,  119.60 ,  131.71 ,  130.56 
3/4/2011,  123.54 ,  121.25 ,  133.21 ,  131.87 
3/7/2011,  124.68 ,  122.48 ,  134.26 ,  132.86 
3/8/2011,  120.97 ,  118.95 ,  132.22 ,  130.87 
3/9/2011,  119.45 ,  117.43 ,  131.07 ,  129.62 
3/10/2011,  122.97 ,  120.91 ,  133.59 ,  132.04 
3/11/2011,  121.16 ,  119.06 ,  132.51 ,  130.91 
3/14/2011,  119.51 ,  117.51 ,  132.99 ,  131.09 
3/15/2011,  118.00 ,  116.00 ,  133.54 ,  131.64 
3/16/2011,  116.12 ,  113.99 ,  133.70 ,  130.25 
3/17/2011,  116.98 ,  114.85 ,  135.09 ,  131.79 
3/18/2011,  122.12 ,  119.99 ,  138.00 ,  135.50 
3/21/2011,  121.18 ,  119.05 ,  136.15 ,  133.75 
3/22/2011,  120.83 ,  118.70 ,  136.12 ,  133.72 
3/23/2011,  121.98 ,  119.85 ,  137.56 ,  135.16 
3/24/2011,  122.25 ,  120.15 ,  137.39 ,  134.84 
3/25/2011,  122.58 ,  120.45 ,  136.63 ,  134.33 
3/28/2011,  121.49 ,  119.34 ,  136.06 ,  133.61 
3/29/2011,  120.91 ,  118.76 ,  135.44 ,  133.09 
3/30/2011,  122.10 ,  119.93 ,  136.47 ,  134.27 
3/31/2011,  123.17 ,  121.00 ,  136.98 ,  134.88 
4/1/2011,  124.90 ,  122.73 ,  139.09 ,  137.04 
4/4/2011,  126.20 ,  124.03 ,  141.02 ,  139.02 
4/5/2011,  127.00 ,  124.83 ,  140.81 ,  138.98 
4/6/2011,  128.03 ,  125.79 ,  141.69 ,  140.04 
4/7/2011,  128.08 ,  125.82 ,  141.97 ,  140.55 
4/8/2011,  130.46 ,  128.14 ,  143.80 ,  142.65 
4/11/2011,  131.52 ,  129.20 ,  145.29 ,  144.37 
4/12/2011,  129.51 ,  127.31 ,  142.99 ,  142.12 
4/13/2011,  127.51 ,  125.31 ,  139.50 ,  138.63 
4/14/2011,  129.48 ,  127.59 ,  140.54 ,  139.67 
4/15/2011,  128.09 ,  126.20 ,  139.96 ,  139.09 
4/18/2011,  129.47 ,  127.63 ,  140.46 ,  139.71 
4/19/2011,  126.83 ,  124.99 ,  138.39 ,  137.64 
4/20/2011,  128.63 ,  126.79 ,  139.56 ,  138.81 
4/21/2011,  131.35 ,  129.51 ,  141.67 ,  140.82 
4/25/2011,  132.30 ,  130.25 ,  140.99 ,  139.79 
4/26/2011,  133.04 ,  130.74 ,  139.99 ,  138.79 
4/27/2011,  133.81 ,  131.51 ,  140.29 ,  139.39 
4/28/2011,  137.71 ,  134.81 ,  142.09 ,  141.29 
4/29/2011,  135.56 ,  133.94 ,  141.57 ,  140.72 
5/2/2011,,,,
5/3/2011,  138.23 ,  135.33 ,  141.31 ,  140.51 
5/4/2011,  137.70 ,  134.50 ,  139.81 ,  139.01 
5/5/2011,  136.32 ,  133.00 ,  138.13 ,  137.33 
5/6/2011,  123.37 ,  120.05 ,  123.55 ,  122.75 
5/9/2011,  127.00 ,  123.68 ,  127.77 ,  126.92 
5/10/2011,  131.77 ,  128.49 ,  129.37 ,  128.47 
5/11/2011,  131.87 ,  128.44 ,  130.87 ,  130.15 
5/12/2011,  123.65 ,  120.00 ,  126.30 ,  125.40 
5/13/2011,  123.45 ,  120.41 ,  127.89 ,  126.99 
5/16/2011,  121.18 ,  118.35 ,  126.33 ,  125.48 
5/17/2011,,,,
5/18/2011,  118.08 ,  114.58 ,  125.93 ,  124.93 
5/19/2011,  119.33 ,  115.85 ,  126.94 ,  125.94 
5/20/2011,  118.94 ,  115.80 ,  126.82 ,  125.92 
5/23/2011,  117.15 ,  114.28 ,  123.95 ,  123.15 
5/24/2011,  119.70 ,  116.75 ,  125.10 ,  124.30 
5/25/2011,  119.00 ,  116.02 ,  124.86 ,  124.11 
5/26/2011,  122.25 ,  119.27 ,  128.82 ,  127.97 
5/27/2011,  122.54 ,  119.66 ,  129.58 ,  128.73 
5/30/2011,  121.55 ,  118.67 ,  128.64 ,  127.79 
5/31/2011,  123.31 ,  120.56 ,  130.25 ,  129.40 
6/1/2011,  122.89 ,  120.22 ,  130.86 ,  130.06 
6/2/2011,  119.99 ,  117.07 ,  128.93 ,  128.03 
6/3/2011,  120.05 ,  117.57 ,  130.44 ,  129.77 
6/6/2011,  120.24 ,  117.76 ,  130.56 ,  129.61 
6/7/2011,  122.00 ,  119.22 ,  130.05 ,  129.10 
6/8/2011,  123.56 ,  120.73 ,  131.15 ,  130.30 
6/9/2011,  124.25 ,  122.17 ,  133.02 ,  132.12 
6/10/2011,  124.92 ,  122.84 ,  134.58 ,  133.71 
6/13/2011,  123.58 ,  121.50 ,  133.68 ,  132.81 
6/14/2011,  122.01 ,  119.98 ,  133.84 ,  132.97 
6/15/2011,  123.48 ,  121.45 ,  134.15 ,  133.30 
6/16/2011,  121.21 ,  118.95 ,  130.37 ,  129.52 
6/17/2011,  118.18 ,  115.92 ,  127.05 ,  126.15 
6/20/2011,  119.49 ,  117.23 ,  127.22 ,  126.12 
6/21/2011,  121.43 ,  118.73 ,  127.84 ,  126.89 
6/22/2011,  119.00 ,  116.07 ,  125.74 ,  124.84 
6/23/2011,  120.06 ,  117.41 ,  126.35 ,  125.40 
6/24/2011,  115.07 ,  112.04 ,  121.51 ,  120.51 
6/27/2011,  112.96 ,  109.99 ,  120.37 ,  119.37 
6/28/2011,  114.46 ,  111.49 ,  121.33 ,  120.43 
6/29/2011,  118.01 ,  115.04 ,  124.31 ,  123.41 
6/30/2011,  120.44 ,  117.44 ,  126.47 ,  125.57 
7/1/2011,  123.37 ,  119.73 ,  126.26 ,  125.46 
7/4/2011,  126.03 ,  121.48 ,  126.44 ,  125.69 
7/5/2011,  124.91 ,  120.38 ,  125.34 ,  124.59 
7/6/2011,  124.99 ,  121.08 ,  126.52 ,  125.77 
7/7/2011,  125.34 ,  121.67 ,  128.52 ,  127.59 
7/8/2011,  129.30 ,  126.27 ,  132.31 ,  131.33 
7/11/2011,  127.63 ,  124.36 ,  131.54 ,  130.44 
7/12/2011,  125.20 ,  122.84 ,  130.43 ,  129.33 
7/13/2011,  127.39 ,  124.90 ,  132.55 ,  131.35 
7/14/2011,  126.21 ,  123.72 ,  132.71 ,  131.51 
7/15/2011,  124.60 ,  122.32 ,  130.91 ,  129.71 
7/18/2011,  123.94 ,  122.74 ,  132.05 ,  130.85 
7/19/2011,  124.28 ,  122.86 ,  132.19 ,  130.99 
7/20/2011,  125.50 ,  123.63 ,  133.27 ,  132.22 
7/21/2011,  125.67 ,  123.80 ,  132.57 ,  131.52 
7/22/2011,  127.42 ,  124.87 ,  132.78 ,  131.68 
7/25/2011,  126.83 ,  124.28 ,  132.86 ,  131.63 
7/26/2011,  127.91 ,  125.30 ,  133.03 ,  131.75 
7/27/2011,  128.04 ,  125.43 ,  132.67 ,  131.39 
7/28/2011,  128.14 ,  125.47 ,  132.46 ,  131.18 
7/29/2011,  126.43 ,  123.88 ,  131.67 ,  130.39 
8/1/2011,  129.28 ,  126.57 ,  135.47 ,  134.13 
8/2/2011,  127.20 ,  123.85 ,  131.72 ,  130.62 
8/3/2011,  124.25 ,  122.34 ,  131.56 ,  130.46 
8/4/2011,  122.56 ,  120.26 ,  129.64 ,  128.64 
8/5/2011,  118.00 ,  113.91 ,  123.59 ,  122.67 
8/8/2011,  116.72 ,  114.98 ,  123.47 ,  122.67 
8/9/2011,,,,
8/10/2011,  115.63 ,  113.43 ,  121.73 ,  120.88 
8/11/2011,  119.18 ,  116.98 ,  123.71 ,  122.86 
8/12/2011,  119.53 ,  117.33 ,  124.03 ,  123.18 
8/15/2011,  121.48 ,  118.33 ,  124.84 ,  123.95 
8/16/2011,  123.55 ,  118.63 ,  125.14 ,  124.20 
8/17/2011,  124.58 ,  119.70 ,  126.46 ,  125.52 
8/18/2011,  124.38 ,  120.45 ,  126.08 ,  125.14 
8/19/2011,  119.83 ,  116.19 ,  122.12 ,  121.18 
8/22/2011,  120.57 ,  117.54 ,  122.79 ,  121.88 
8/23/2011,  121.78 ,  119.49 ,  125.00 ,  124.09 
8/24/2011,  123.64 ,  120.50 ,  124.95 ,  124.00 
8/25/2011,  125.27 ,  122.09 ,  126.59 ,  125.64 
8/26/2011,  125.57 ,  122.29 ,  125.77 ,  124.82 
8/29/2011,  126.27 ,  122.79 ,  126.85 ,  125.90 
8/30/2011,,,,
8/31/2011,  130.50 ,  127.09 ,  129.69 ,  128.69 
9/1/2011,  130.68 ,  127.28 ,  129.84 ,  128.84 
9/2/2011,  131.18 ,  127.88 ,  129.49 ,  128.25 
9/5/2011,  128.13 ,  124.88 ,  127.13 ,  125.88 
9/6/2011,  126.92 ,  122.77 ,  126.63 ,  125.36 
9/7/2011,  128.10 ,  125.97 ,  129.07 ,  127.72 
9/8/2011,  128.62 ,  126.48 ,  129.91 ,  128.56 
9/9/2011,  127.30 ,  125.62 ,  129.04 ,  127.69 
9/12/2011,  122.98 ,  121.39 ,  124.84 ,  123.69 
9/13/2011,  124.23 ,  122.48 ,  125.49 ,  124.34 
9/14/2011,  123.41 ,  121.79 ,  125.11 ,  123.96 
9/15/2011,  124.61 ,  122.99 ,  125.94 ,  124.84 
9/16/2011,  127.21 ,  125.39 ,  129.22 ,  128.17 
9/19/2011,  125.77 ,  123.95 ,  127.61 ,  126.56 
9/20/2011,  124.07 ,  121.97 ,  125.53 ,  124.53 
9/21/2011,  124.68 ,  122.58 ,  125.62 ,  124.62 
9/22/2011,  122.13 ,  120.03 ,  122.43 ,  121.43 
9/23/2011,  120.61 ,  118.23 ,  121.90 ,  120.90 
9/26/2011,  116.98 ,  114.88 ,  118.28 ,  117.27 
9/27/2011,  119.13 ,  116.98 ,  120.88 ,  119.88 
9/28/2011,  119.53 ,  117.08 ,  122.27 ,  121.27 
9/29/2011,  120.17 ,  117.72 ,  123.21 ,  122.22 
9/30/2011,  119.50 ,  117.05 ,  121.45 ,  120.46 
10/3/2011,  117.30 ,  114.85 ,  119.55 ,  118.56 
10/4/2011,  116.09 ,  113.85 ,  118.02 ,  117.03 
10/5/2011,  118.70 ,  116.25 ,  118.31 ,  117.32 
10/6/2011,  120.45 ,  118.00 ,  118.71 ,  117.72 
10/7/2011,  122.83 ,  119.81 ,  120.37 ,  119.56 
10/10/2011,  122.80 ,  119.78 ,  120.29 ,  119.48 
10/11/2011,  123.40 ,  121.00 ,  120.72 ,  119.91 
10/12/2011,  125.96 ,  123.56 ,  121.73 ,  120.92 
10/13/2011,  124.81 ,  122.56 ,  122.33 ,  121.49 
10/14/2011,  126.17 ,  123.92 ,  124.55 ,  123.58 
10/17/2011,  127.98 ,  126.08 ,  127.38 ,  126.41 
10/18/2011,  123.98 ,  122.18 ,  124.33 ,  123.16 
10/19/2011,  123.73 ,  122.08 ,  125.90 ,  124.73 
10/20/2011,  120.05 ,  118.40 ,  125.06 ,  123.97 
10/21/2011,  121.28 ,  119.84 ,  126.21 ,  125.10 
10/24/2011,  121.64 ,  120.20 ,  127.13 ,  126.00 
10/25/2011,  121.24 ,  119.76 ,  129.04 ,  127.87 
10/26/2011,,,,
10/27/2011,  120.23 ,  118.83 ,  129.17 ,  128.00 
10/28/2011,  121.57 ,  120.17 ,  130.88 ,  129.70 
10/31/2011,  118.42 ,  116.94 ,  128.62 ,  127.24 
11/1/2011,  115.66 ,  114.04 ,  127.59 ,  126.26 
11/2/2011,  117.29 ,  115.59 ,  129.07 ,  127.77 
11/3/2011,  114.73 ,  112.88 ,  127.28 ,  126.03 
11/4/2011,  116.48 ,  114.88 ,  130.83 ,  129.53 
11/7/2011,,,,
11/8/2011,  120.08 ,  118.39 ,  134.89 ,  133.54 
11/9/2011,  119.24 ,  117.55 ,  134.25 ,  132.93 
11/10/2011,  116.15 ,  114.45 ,  131.87 ,  130.75 
11/11/2011,  115.37 ,  113.65 ,  133.95 ,  132.70 
11/14/2011,  113.50 ,  111.80 ,  134.48 ,  133.23 
11/15/2011,  111.14 ,  109.49 ,  134.63 ,  133.38 
11/16/2011,  112.50 ,  110.85 ,  134.16 ,  132.91 
11/17/2011,  112.94 ,  111.19 ,  133.32 ,  132.02 
11/18/2011,  109.75 ,  107.96 ,  131.48 ,  130.18 
11/21/2011,  107.95 ,  105.70 ,  128.87 ,  127.57 
11/22/2011,  108.70 ,  106.90 ,  128.50 ,  127.15 
11/23/2011,  109.00 ,  107.45 ,  129.34 ,  127.99 
11/24/2011,  108.85 ,  107.30 ,  128.31 ,  126.63 
11/25/2011,  109.35 ,  107.80 ,  127.84 ,  126.16 
11/28/2011,  109.90 ,  108.35 ,  128.13 ,  126.45 
11/29/2011,  110.30 ,  108.75 ,  128.05 ,  126.42 
11/30/2011,  111.15 ,  109.60 ,  129.26 ,  127.63 
12/1/2011,  111.48 ,  109.93 ,  129.33 ,  127.73 
12/2/2011,  112.68 ,  110.88 ,  129.10 ,  127.50 
12/5/2011,  114.56 ,  112.45 ,  129.67 ,  128.02 
12/6/2011,  112.86 ,  110.75 ,  128.53 ,  126.98 
12/7/2011,  114.46 ,  112.22 ,  130.52 ,  128.97 
12/8/2011,  113.33 ,  111.10 ,  129.78 ,  128.28 
12/9/2011,  111.85 ,  109.40 ,  127.63 ,  126.13 
12/12/2011,  113.55 ,  111.10 ,  125.87 ,  124.69 
12/13/2011,  113.90 ,  111.05 ,  125.89 ,  124.76 
12/14/2011,  115.88 ,  112.85 ,  127.14 ,  126.03 
12/15/2011,  112.98 ,  109.92 ,  123.84 ,  122.86 
12/16/2011,  112.09 ,  108.98 ,  122.52 ,  121.54 
12/19/2011,  110.91 ,  108.14 ,  121.34 ,  120.48 
12/20/2011,  111.53 ,  109.33 ,  122.24 ,  121.77 
12/21/2011,  114.50 ,  112.37 ,  124.92 ,  124.45 
12/22/2011,  114.73 ,  113.09 ,  125.33 ,  124.85 
12/23/2011,  115.27 ,  113.26 ,  125.73 ,  125.25 
12/27/2011,  116.08 ,  113.87 ,  124.81 ,  124.33 
12/28/2011,  115.77 ,  113.17 ,  124.96 ,  124.48 
12/29/2011,  115.74 ,  113.18 ,  124.51 ,  124.11 
12/30/2011,  116.93 ,  114.38 ,  124.65 ,  124.25 
1/3/2012,  119.09 ,  116.24 ,  126.28 ,  125.88 
1/4/2012,  122.88 ,  119.68 ,  129.36 ,  128.88 
1/5/2012,  123.69 ,  120.71 ,  131.52 ,  131.04 
1/6/2012,  123.60 ,  120.13 ,  131.06 ,  130.66 
1/9/2012,  123.71 ,  120.21 ,  131.72 ,  131.32 
1/10/2012,  124.15 ,  120.68 ,  131.89 ,  131.49 
1/11/2012,  124.00 ,  120.80 ,  132.47 ,  132.06 
1/12/2012,  123.20 ,  120.03 ,  131.78 ,  131.32 
1/13/2012,  122.43 ,  119.15 ,  131.05 ,  130.59 
1/16/2012,  121.79 ,  118.60 ,  131.03 ,  130.57 
1/17/2012,  123.54 ,  120.35 ,  131.98 ,  131.55 
1/18/2012,  124.21 ,  120.82 ,  130.56 ,  130.13 
1/19/2012,  125.53 ,  121.93 ,  129.56 ,  129.13 
1/20/2012,  125.99 ,  122.44 ,  129.79 ,  129.36 
1/23/2012,,,,
1/24/2012,,,,
1/25/2012,  124.60 ,  121.00 ,  128.76 ,  128.33 
1/26/2012,  125.34 ,  121.81 ,  129.11 ,  128.68 
1/27/2012,  125.23 ,  121.78 ,  129.33 ,  128.90 
1/30/2012,  127.26 ,  123.86 ,  130.16 ,  129.73 
1/31/2012,  125.53 ,  122.83 ,  130.47 ,  130.04 
2/1/2012,  125.59 ,  123.43 ,  130.38 ,  129.95 
2/2/2012,  125.50 ,  123.20 ,  130.69 ,  130.25 
2/3/2012,  125.23 ,  122.58 ,  130.29 ,  129.85 
2/6/2012,  126.42 ,  124.04 ,  132.54 ,  132.09 
2/7/2012,  127.21 ,  124.90 ,  134.65 ,  134.14 
2/8/2012,  128.08 ,  126.13 ,  135.06 ,  134.55 
2/9/2012,  130.33 ,  128.03 ,  135.24 ,  134.73 
2/10/2012,  130.36 ,  128.80 ,  135.26 ,  134.69 
2/13/2012,  131.71 ,  129.85 ,  135.42 ,  134.85 
2/14/2012,  130.38 ,  128.43 ,  134.23 ,  133.58 
2/15/2012,  130.78 ,  129.18 ,  135.44 ,  134.69 
2/16/2012,  130.73 ,  128.62 ,  135.13 ,  134.41 
2/17/2012,  133.09 ,  130.67 ,  136.09 ,  135.42 
2/20/2012,  132.52 ,  130.02 ,  135.86 ,  135.19 
2/21/2012,  131.83 ,  130.08 ,  135.79 ,  135.12 
2/22/2012,  133.26 ,  131.35 ,  136.89 ,  136.14 
2/23/2012,  133.41 ,  131.50 ,  137.80 ,  136.99 
2/24/2012,  134.85 ,  132.90 ,  138.67 ,  137.86 
2/27/2012,  135.48 ,  133.48 ,  138.51 ,  137.70 
2/28/2012,  134.78 ,  132.78 ,  138.26 ,  137.45 
2/29/2012,  133.10 ,  131.24 ,  136.80 ,  135.89 
3/1/2012,  133.93 ,  131.91 ,  135.84 ,  134.79 
3/2/2012,  136.19 ,  134.33 ,  138.00 ,  136.75 
3/5/2012,  134.33 ,  132.73 ,  136.69 ,  135.34 
3/6/2012,  134.09 ,  132.49 ,  138.02 ,  136.67 
3/7/2012,  133.66 ,  132.06 ,  137.33 ,  135.98 
3/8/2012,  137.05 ,  134.34 ,  139.13 ,  137.78 
3/9/2012,  136.77 ,  134.67 ,  140.55 ,  139.33 
3/12/2012,  137.02 ,  135.23 ,  140.36 ,  139.06 
3/13/2012,  137.45 ,  135.66 ,  140.51 ,  139.20 
3/14/2012,  138.41 ,  136.40 ,  140.72 ,  139.31 
3/15/2012,  138.60 ,  136.01 ,  140.25 ,  138.97 
3/16/2012,  136.74 ,  133.72 ,  139.19 ,  137.91 
3/19/2012,  138.19 ,  135.35 ,  140.48 ,  139.20 
3/20/2012,  137.25 ,  134.55 ,  140.47 ,  139.27 
3/21/2012,  136.96 ,  134.79 ,  140.33 ,  139.18 
3/22/2012,  135.51 ,  133.34 ,  139.13 ,  138.02 
3/23/2012,  136.05 ,  133.60 ,  139.03 ,  137.98 
3/26/2012,  137.95 ,  135.50 ,  140.01 ,  138.96 
3/27/2012,  138.91 ,  136.50 ,  140.69 ,  139.68 
3/28/2012,  137.41 ,  135.00 ,  139.67 ,  138.66 
3/29/2012,  137.13 ,  135.50 ,  139.71 ,  138.66 
3/30/2012,  136.46 ,  134.83 ,  138.29 ,  137.12 
4/2/2012,  136.79 ,  134.47 ,  137.87 ,  136.70 
4/3/2012,  140.13 ,  136.56 ,  139.86 ,  138.69 
4/4/2012,  141.37 ,  137.56 ,  139.70 ,  138.58 
4/5/2012,  137.75 ,  134.86 ,  138.19 ,  137.09 
4/9/2012,  136.90 ,  134.01 ,  137.23 ,  136.16 
4/10/2012,  135.66 ,  132.77 ,  136.61 ,  135.54 
4/11/2012,  132.94 ,  129.77 ,  134.53 ,  133.51 
4/12/2012,  134.67 ,  131.40 ,  135.91 ,  134.75 
4/13/2012,  136.76 ,  133.09 ,  136.63 ,  135.30 
4/16/2012,  135.62 ,  131.49 ,  135.41 ,  134.09 
4/17/2012,  134.25 ,  130.10 ,  134.64 ,  133.32 
4/18/2012,  132.78 ,  129.38 ,  134.57 ,  133.36 
4/19/2012,  132.78 ,  129.48 ,  134.98 ,  133.82 
4/20/2012,  131.41 ,  128.14 ,  135.03 ,  133.87 
4/23/2012,  130.48 ,  127.39 ,  134.62 ,  133.46 
4/24/2012,  132.67 ,  129.54 ,  135.05 ,  133.94 
4/25/2012,  132.69 ,  128.57 ,  135.32 ,  134.21 
4/26/2012,  134.09 ,  129.24 ,  135.64 ,  134.52 
4/27/2012,  134.13 ,  129.48 ,  135.73 ,  134.61 
4/30/2012,  135.76 ,  129.98 ,  135.96 ,  134.84 
5/1/2012,,,,
5/2/2012,  131.78 ,  128.18 ,  136.07 ,  134.97 
5/3/2012,  130.47 ,  126.70 ,  134.50 ,  133.40 
5/4/2012,  127.50 ,  123.73 ,  131.46 ,  130.36 
5/7/2012,  125.91 ,  122.75 ,  128.54 ,  127.44 
5/8/2012,  124.74 ,  121.58 ,  128.32 ,  127.27 
5/9/2012,  123.98 ,  120.82 ,  128.43 ,  127.38 
5/10/2012,  124.03 ,  120.87 ,  128.78 ,  127.75 
5/11/2012,  123.28 ,  120.12 ,  127.37 ,  126.33 
5/14/2012,  122.57 ,  119.02 ,  126.13 ,  125.12 
5/15/2012,  122.25 ,  118.75 ,  126.53 ,  125.66 
5/16/2012,  120.73 ,  117.33 ,  126.14 ,  125.21 
5/17/2012,  120.41 ,  117.01 ,  125.33 ,  124.41 
5/18/2012,  118.01 ,  114.61 ,  123.43 ,  122.37 
5/21/2012,  118.64 ,  115.24 ,  123.91 ,  122.80 
5/22/2012,  119.03 ,  115.63 ,  124.10 ,  123.05 
5/23/2012,  118.03 ,  114.68 ,  122.44 ,  121.52 
5/24/2012,  115.85 ,  112.50 ,  121.22 ,  120.32 
5/25/2012,  117.78 ,  114.43 ,  122.24 ,  121.37 
5/28/2012,  118.40 ,  115.07 ,  122.65 ,  121.78 
5/29/2012,  118.75 ,  115.42 ,  122.60 ,  121.73 
5/30/2012,  117.13 ,  113.80 ,  120.29 ,  119.41 
5/31/2012,  115.20 ,  111.87 ,  118.87 ,  117.99 
6/1/2012,  113.36 ,  108.35 ,  116.09 ,  115.18 
6/4/2012,  109.81 ,  104.91 ,  112.96 ,  112.06 
6/5/2012,  110.36 ,  106.81 ,  114.26 ,  113.36 
6/6/2012,  110.87 ,  107.79 ,  115.32 ,  114.37 
6/7/2012,  109.70 ,  106.53 ,  116.02 ,  115.00 
6/8/2012,  106.99 ,  103.84 ,  113.85 ,  112.79 
6/11/2012,  109.99 ,  106.80 ,  116.47 ,  115.32 
6/12/2012,  105.55 ,  102.60 ,  113.65 ,  112.42 
6/13/2012,  105.80 ,  102.60 ,  114.19 ,  113.01 
6/14/2012,  104.74 ,  101.74 ,  113.84 ,  112.66 
6/15/2012,  105.62 ,  102.49 ,  114.85 ,  113.67 
6/18/2012,  104.48 ,  101.64 ,  114.60 ,  113.42 
6/19/2012,  101.89 ,  98.86 ,  112.34 ,  111.16 
6/20/2012,  101.85 ,  99.10 ,  113.79 ,  112.62 
6/21/2012,  97.19 ,  94.64 ,  110.86 ,  109.61 
6/22/2012,  96.28 ,  92.95 ,  109.03 ,  107.79 
6/25/2012,  97.79 ,  94.16 ,  109.03 ,  107.72 
6/26/2012,  99.71 ,  96.37 ,  110.36 ,  109.05 
6/27/2012,  100.56 ,  97.36 ,  110.76 ,  109.45 
6/28/2012,  100.05 ,  97.00 ,  111.38 ,  110.11 
6/29/2012,  101.10 ,  97.80 ,  112.06 ,  110.79 
7/2/2012,  104.37 ,  101.07 ,  114.95 ,  113.68 
7/3/2012,  105.31 ,  102.17 ,  115.84 ,  114.57 
7/4/2012,  107.47 ,  104.32 ,  117.58 ,  116.33 
7/5/2012,  108.64 ,  105.16 ,  118.25 ,  116.97 
7/6/2012,  109.68 ,  106.08 ,  118.68 ,  117.43 
7/9/2012,  108.73 ,  105.03 ,  117.78 ,  116.53 
7/10/2012,  109.33 ,  106.13 ,  117.95 ,  116.73 
7/11/2012,  109.57 ,  106.37 ,  118.57 ,  117.30 
7/12/2012,  110.19 ,  106.99 ,  118.39 ,  117.12 
7/13/2012,  113.14 ,  109.94 ,  119.47 ,  118.20 
7/16/2012,  114.75 ,  110.78 ,  119.87 ,  118.59 
7/17/2012,  115.57 ,  112.87 ,  121.87 ,  120.62 
7/18/2012,  115.43 ,  112.68 ,  122.31 ,  121.07 
7/19/2012,  119.08 ,  116.28 ,  124.97 ,  123.75 
7/20/2012,  120.88 ,  117.45 ,  125.64 ,  124.42 
7/23/2012,  117.58 ,  114.15 ,  122.37 ,  120.97 
7/24/2012,  117.27 ,  114.20 ,  122.25 ,  120.88 
7/25/2012,  116.41 ,  113.25 ,  121.69 ,  120.42 
7/26/2012,  115.91 ,  113.02 ,  122.11 ,  120.84 
7/27/2012,  117.36 ,  114.71 ,  123.87 ,  122.72 
7/30/2012,  118.12 ,  115.47 ,  124.06 ,  122.93 
7/31/2012,  119.41 ,  116.14 ,  123.72 ,  122.59 
8/1/2012,  119.75 ,  116.40 ,  123.29 ,  122.28 
8/2/2012,  123.28 ,  118.16 ,  124.02 ,  123.02 
8/3/2012,  123.18 ,  119.19 ,  124.44 ,  123.48 
8/6/2012,  124.52 ,  120.48 ,  126.64 ,  125.86 
8/7/2012,  125.90 ,  122.18 ,  128.25 ,  127.48 
8/8/2012,  128.53 ,  124.68 ,  129.46 ,  128.70 
8/9/2012,,,,
8/10/2012,  131.66 ,  127.63 ,  131.39 ,  130.59 
8/13/2012,  131.75 ,  128.40 ,  131.45 ,  130.65 
8/14/2012,  131.57 ,  128.14 ,  131.92 ,  131.00 
8/15/2012,  129.54 ,  126.14 ,  132.31 ,  131.26 
8/16/2012,  131.12 ,  127.81 ,  134.48 ,  133.43 
8/17/2012,  130.27 ,  127.00 ,  134.25 ,  133.20 
8/20/2012,,,,
8/21/2012,  129.56 ,  126.51 ,  134.22 ,  133.20 
8/22/2012,  127.63 ,  125.35 ,  134.52 ,  133.47 
8/23/2012,  128.87 ,  126.88 ,  136.33 ,  135.27 
8/24/2012,  127.87 ,  124.77 ,  135.28 ,  134.20 
8/27/2012,  128.89 ,  125.34 ,  136.36 ,  135.28 
8/28/2012,  126.18 ,  122.98 ,  134.58 ,  133.50 
8/29/2012,  124.33 ,  121.13 ,  133.56 ,  132.49 
8/30/2012,  124.13 ,  120.93 ,  134.72 ,  133.65 
8/31/2012,  122.64 ,  119.28 ,  134.82 ,  133.71 
9/3/2012,  123.15 ,  119.79 ,  135.99 ,  134.88 
9/4/2012,  125.06 ,  121.30 ,  137.42 ,  136.25 
9/5/2012,  122.46 ,  118.70 ,  134.48 ,  133.41 
9/6/2012,  123.94 ,  120.24 ,  134.44 ,  133.37 
9/7/2012,  126.09 ,  122.39 ,  134.05 ,  132.81 
9/10/2012,  127.85 ,  124.03 ,  134.82 ,  133.49 
9/11/2012,  127.82 ,  124.00 ,  134.64 ,  133.23 
9/12/2012,  129.00 ,  125.40 ,  135.92 ,  134.59 
9/13/2012,  128.41 ,  124.71 ,  135.90 ,  134.55 
9/14/2012,  129.68 ,  126.17 ,  137.46 ,  135.92 
9/17/2012,  128.83 ,  125.03 ,  137.19 ,  135.72 
9/18/2012,  125.67 ,  121.87 ,  134.25 ,  132.79 
9/19/2012,  124.93 ,  121.13 ,  133.73 ,  132.27 
9/20/2012,  122.56 ,  118.22 ,  129.37 ,  128.04 
9/21/2012,  124.74 ,  120.65 ,  131.56 ,  130.26 
9/24/2012,  124.73 ,  121.17 ,  131.46 ,  130.09 
9/25/2012,  124.92 ,  121.54 ,  131.54 ,  130.21 
9/26/2012,  123.87 ,  120.49 ,  130.36 ,  129.20 
9/27/2012,  126.61 ,  122.81 ,  130.40 ,  129.40 
9/28/2012,  129.10 ,  125.30 ,  132.78 ,  131.78 
10/1/2012,  128.55 ,  124.47 ,  131.71 ,  130.71 
10/2/2012,  127.44 ,  123.36 ,  132.29 ,  131.11 
10/3/2012,  124.20 ,  120.70 ,  131.31 ,  130.07 
10/4/2012,  123.35 ,  119.85 ,  130.04 ,  128.63 
10/5/2012,  128.19 ,  124.64 ,  132.71 ,  131.30 
10/8/2012,  127.94 ,  124.34 ,  131.35 ,  129.99 
10/9/2012,  128.60 ,  124.85 ,  132.59 ,  131.18 
10/10/2012,  130.15 ,  126.40 ,  133.84 ,  132.32 
10/11/2012,  130.20 ,  126.45 ,  134.88 ,  133.24 
10/12/2012,  129.00 ,  125.93 ,  134.46 ,  132.74 
10/15/2012,  127.67 ,  124.84 ,  133.54 ,  131.67 
10/16/2012,  127.62 ,  124.42 ,  133.92 ,  132.11 
10/17/2012,  125.43 ,  122.13 ,  133.26 ,  131.44 
10/18/2012,  124.32 ,  120.92 ,  133.10 ,  131.26 
10/19/2012,  124.08 ,  120.38 ,  132.31 ,  130.50 
10/22/2012,  120.05 ,  116.48 ,  129.82 ,  128.02 
10/23/2012,  118.14 ,  114.01 ,  128.14 ,  126.50 
10/24/2012,  116.93 ,  113.19 ,  127.25 ,  125.61 
10/25/2012,  115.51 ,  111.77 ,  127.63 ,  126.08 
10/26/2012,,,,
10/29/2012,  116.80 ,  113.05 ,  128.54 ,  127.15 
10/30/2012,  117.55 ,  113.70 ,  128.65 ,  127.45 
10/31/2012,  117.71 ,  113.46 ,  128.72 ,  127.52 
11/1/2012,  115.47 ,  112.78 ,  128.21 ,  127.01 
11/2/2012,  115.13 ,  112.44 ,  127.02 ,  125.84 
11/5/2012,  112.48 ,  110.20 ,  124.13 ,  122.99 
11/6/2012,  115.53 ,  113.30 ,  125.61 ,  124.26 
11/7/2012,  119.76 ,  116.67 ,  128.31 ,  126.96 
11/8/2012,  116.21 ,  113.12 ,  124.86 ,  123.51 
11/9/2012,  116.52 ,  113.16 ,  124.28 ,  123.03 
11/12/2012,  119.36 ,  116.14 ,  125.88 ,  124.57 
11/13/2012,,,,
11/14/2012,  118.88 ,  115.97 ,  124.88 ,  123.75 
11/15/2012,  122.13 ,  118.63 ,  126.10 ,  124.97 
11/16/2012,  121.19 ,  118.16 ,  125.18 ,  124.05 
11/19/2012,  122.98 ,  119.74 ,  126.48 ,  125.35 
11/20/2012,  123.78 ,  120.48 ,  128.24 ,  127.11 
11/21/2012,  121.47 ,  118.07 ,  127.79 ,  126.66 
11/22/2012,  122.58 ,  119.18 ,  128.37 ,  127.24 
11/23/2012,  123.01 ,  119.33 ,  128.29 ,  127.16 
11/26/2012,  122.76 ,  118.77 ,  129.08 ,  127.92 
11/27/2012,  121.33 ,  117.70 ,  128.80 ,  127.64 
11/28/2012,  120.43 ,  117.12 ,  127.33 ,  126.22 
11/29/2012,  120.14 ,  117.08 ,  127.18 ,  126.01 
11/30/2012,  120.77 ,  117.87 ,  128.46 ,  127.22 
12/3/2012,  120.68 ,  118.08 ,  129.61 ,  128.09 
12/4/2012,  120.07 ,  117.02 ,  129.23 ,  127.70 
12/5/2012,  118.44 ,  115.18 ,  129.02 ,  127.26 
12/6/2012,  116.14 ,  112.88 ,  127.59 ,  125.84 
12/7/2012,  115.02 ,  111.96 ,  126.02 ,  124.02 
12/10/2012,  116.45 ,  113.59 ,  124.95 ,  122.99 
12/11/2012,  116.58 ,  113.72 ,  124.51 ,  122.80 
12/12/2012,  117.00 ,  114.01 ,  125.16 ,  123.45 
12/13/2012,  117.83 ,  114.83 ,  125.84 ,  124.13 
12/14/2012,  116.07 ,  113.07 ,  125.09 ,  123.44 
12/17/2012,  117.81 ,  114.81 ,  125.26 ,  124.01 
12/18/2012,  118.24 ,  115.31 ,  124.92 ,  123.79 
12/19/2012,  118.45 ,  115.71 ,  126.07 ,  124.90 
12/20/2012,  119.58 ,  116.53 ,  127.29 ,  126.07 
12/21/2012,  120.04 ,  116.79 ,  127.23 ,  126.11 
12/24/2012,  119.93 ,  116.77 ,  126.06 ,  124.94 
12/26/2012,  120.75 ,  117.55 ,  125.85 ,  124.73 
12/27/2012,  122.85 ,  119.73 ,  127.31 ,  126.19 
12/28/2012,  122.58 ,  120.18 ,  127.12 ,  126.00 
12/31/2012,  122.48 ,  120.17 ,  125.86 ,  124.89 
1/2/2013,  123.69 ,  120.92 ,  126.98 ,  125.91 
1/3/2013,  122.99 ,  120.79 ,  127.21 ,  126.21 
1/4/2013,  121.49 ,  119.17 ,  126.80 ,  125.86 
1/7/2013,  121.01 ,  117.99 ,  126.43 ,  125.47 
1/8/2013,  121.43 ,  119.14 ,  127.25 ,  126.29 
1/9/2013,  121.89 ,  119.77 ,  128.20 ,  127.21 
1/10/2013,  121.85 ,  119.43 ,  128.94 ,  127.88 
1/11/2013,  120.73 ,  118.35 ,  128.25 ,  127.17 
1/14/2013,  118.86 ,  116.35 ,  127.16 ,  126.08 
1/15/2013,  120.34 ,  117.89 ,  128.54 ,  127.30 
1/16/2013,  119.49 ,  116.94 ,  127.15 ,  125.91 
1/17/2013,  119.83 ,  117.61 ,  127.20 ,  125.88 
1/18/2013,  121.43 ,  118.68 ,  128.34 ,  126.98 
1/21/2013,  122.43 ,  119.87 ,  128.46 ,  127.10 
1/22/2013,  122.62 ,  119.67 ,  128.60 ,  127.14 
1/23/2013,  123.83 ,  120.88 ,  128.93 ,  127.34 
1/24/2013,  124.06 ,  120.99 ,  129.25 ,  127.57 
1/25/2013,  125.12 ,  121.96 ,  129.51 ,  127.85 
1/28/2013,  124.50 ,  121.29 ,  128.89 ,  127.11 
1/29/2013,  125.74 ,  122.70 ,  129.19 ,  127.41 
1/30/2013,  128.23 ,  125.08 ,  131.02 ,  129.20 
1/31/2013,  129.37 ,  126.07 ,  131.30 ,  129.44 
2/1/2013,  130.12 ,  126.82 ,  132.48 ,  130.63 
2/4/2013,  131.29 ,  127.81 ,  133.89 ,  132.09 
2/5/2013,  129.98 ,  126.60 ,  133.50 ,  131.76 
2/6/2013,  132.01 ,  129.01 ,  134.99 ,  133.30 
2/7/2013,  134.71 ,  131.52 ,  135.60 ,  133.85 
2/8/2013,  134.63 ,  131.46 ,  136.57 ,  134.87 
2/11/2013,,,,
2/12/2013,,,,
2/13/2013,  135.81 ,  132.80 ,  137.24 ,  135.54 
2/14/2013,  135.44 ,  132.39 ,  136.75 ,  135.06 
2/15/2013,  135.91 ,  132.86 ,  137.01 ,  135.18 
2/18/2013,  135.75 ,  132.48 ,  136.84 ,  134.99 
2/19/2013,  135.11 ,  131.89 ,  136.28 ,  134.43 
2/20/2013,  134.55 ,  131.95 ,  136.34 ,  134.50 
2/21/2013,  132.76 ,  129.70 ,  133.83 ,  131.99 
2/22/2013,  134.40 ,  129.83 ,  133.66 ,  131.81 
2/25/2013,  133.61 ,  129.92 ,  133.89 ,  131.94 
2/26/2013,  130.91 ,  128.02 ,  132.09 ,  130.23 
2/27/2013,  130.18 ,  127.35 ,  131.43 ,  129.65 
2/28/2013,  126.38 ,  123.54 ,  129.50 ,  127.72 
3/1/2013,  126.43 ,  123.41 ,  128.07 ,  126.29 
3/4/2013,  127.18 ,  123.93 ,  126.57 ,  124.93 
3/5/2013,  125.05 ,  122.10 ,  126.95 ,  125.41 
3/6/2013,  126.53 ,  123.66 ,  127.95 ,  126.42 
3/7/2013,  124.33 ,  121.39 ,  127.65 ,  125.93 
3/8/2013,  125.39 ,  121.99 ,  127.82 ,  126.10 
3/11/2013,  125.68 ,  121.99 ,  127.01 ,  125.29 
3/12/2013,  124.27 ,  120.38 ,  126.27 ,  124.57 
3/13/2013,  124.43 ,  120.43 ,  126.65 ,  124.93 
3/14/2013,  123.16 ,  119.24 ,  125.33 ,  123.61 
3/15/2013,  123.60 ,  119.89 ,  125.09 ,  123.37 
3/18/2013,  123.42 ,  119.82 ,  124.81 ,  123.09 
3/19/2013,  123.43 ,  120.00 ,  124.84 ,  123.12 
3/20/2013,  121.81 ,  118.61 ,  122.77 ,  121.08 
3/21/2013,  122.66 ,  119.50 ,  123.41 ,  121.72 
3/22/2013,  120.97 ,  118.01 ,  122.39 ,  120.75 
3/25/2013,  121.83 ,  118.78 ,  122.68 ,  121.04 
3/26/2013,  122.30 ,  119.47 ,  122.69 ,  121.15 
3/27/2013,  123.61 ,  120.92 ,  123.01 ,  121.47 
3/28/2013,  123.99 ,  121.98 ,  124.10 ,  122.45 
4/1/2013,  123.96 ,  121.72 ,  123.39 ,  121.66 
4/2/2013,  125.67 ,  122.49 ,  125.01 ,  123.26 
4/3/2013,  122.26 ,  119.43 ,  125.47 ,  123.82 
4/4/2013,  116.64 ,  114.13 ,  123.00 ,  121.27 
4/5/2013,  116.01 ,  113.72 ,  122.02 ,  120.33 
4/8/2013,  114.57 ,  111.41 ,  120.80 ,  119.09 
4/9/2013,  114.53 ,  111.90 ,  121.03 ,  119.43 
4/10/2013,  114.87 ,  112.11 ,  121.40 ,  119.81 
4/11/2013,  112.74 ,  110.02 ,  121.07 ,  119.49 
4/12/2013,  111.93 ,  108.44 ,  119.33 ,  117.77 
4/15/2013,  109.55 ,  106.54 ,  116.63 ,  114.99 
4/16/2013,  107.70 ,  104.93 ,  114.38 ,  112.72 
4/17/2013,  109.89 ,  106.96 ,  114.08 ,  112.26 
4/18/2013,  109.24 ,  105.72 ,  112.41 ,  110.57 
4/19/2013,  111.61 ,  108.01 ,  114.47 ,  112.43 
4/22/2013,  111.69 ,  107.84 ,  114.36 ,  112.37 
4/23/2013,  110.35 ,  106.42 ,  114.46 ,  112.53 
4/24/2013,  110.54 ,  106.75 ,  115.81 ,  113.90 
4/25/2013,  111.98 ,  108.25 ,  116.71 ,  114.73 
4/26/2013,  113.81 ,  109.96 ,  117.99 ,  116.03 
4/29/2013,  113.93 ,  110.08 ,  117.11 ,  115.19 
4/30/2013,  113.44 ,  110.12 ,  117.31 ,  115.20 
5/1/2013,,,,
5/2/2013,  109.16 ,  105.84 ,  114.15 ,  112.13 
5/3/2013,  110.56 ,  107.24 ,  115.65 ,  113.69 
5/6/2013,  112.79 ,  109.46 ,  117.74 ,  115.84 
5/7/2013,  114.13 ,  110.67 ,  118.41 ,  116.51 
5/8/2013,  113.50 ,  110.04 ,  118.71 ,  116.81 
5/9/2013,  114.01 ,  110.76 ,  119.06 ,  117.19 
5/10/2013,  115.58 ,  112.38 ,  119.58 ,  117.68 
5/13/2013,  114.94 ,  111.97 ,  119.04 ,  117.37 
5/14/2013,  114.38 ,  111.41 ,  118.78 ,  117.11 
5/15/2013,  113.72 ,  110.75 ,  117.49 ,  115.90 
5/16/2013,  113.97 ,  111.00 ,  117.69 ,  116.29 
5/17/2013,  114.76 ,  111.79 ,  119.50 ,  118.14 
5/20/2013,  114.86 ,  111.97 ,  120.12 ,  118.89 
5/21/2013,  115.44 ,  112.62 ,  120.13 ,  119.20 
5/22/2013,  114.98 ,  111.43 ,  118.67 ,  117.74 
5/23/2013,  115.93 ,  111.47 ,  116.34 ,  115.47 
5/24/2013,,,,
5/27/2013,  115.98 ,  112.13 ,  116.85 ,  116.14 
5/28/2013,  117.31 ,  113.27 ,  118.41 ,  117.80 
5/29/2013,  116.69 ,  113.17 ,  119.10 ,  118.54 
5/30/2013,  114.55 ,  111.40 ,  117.47 ,  116.97 
5/31/2013,  115.13 ,  111.94 ,  116.22 ,  115.72 
6/3/2013,  114.75 ,  110.94 ,  114.53 ,  113.97 
6/4/2013,  116.29 ,  112.35 ,  116.40 ,  115.98 
6/5/2013,  119.78 ,  114.78 ,  118.54 ,  118.09 
6/6/2013,  118.33 ,  114.31 ,  118.62 ,  118.26 
6/7/2013,  119.13 ,  115.13 ,  118.81 ,  118.57 
6/10/2013,  119.79 ,  116.29 ,  118.91 ,  118.69 
6/11/2013,  119.10 ,  116.15 ,  119.12 ,  119.02 
6/12/2013,  117.79 ,  115.14 ,  118.63 ,  118.56 
6/13/2013,  116.95 ,  114.44 ,  119.27 ,  119.20 
6/14/2013,  118.54 ,  116.07 ,  121.93 ,  121.82 
6/17/2013,  119.89 ,  117.21 ,  122.76 ,  122.33 
6/18/2013,  118.34 ,  115.62 ,  121.49 ,  120.93 
6/19/2013,  119.68 ,  116.35 ,  122.93 ,  122.44 
6/20/2013,  118.60 ,  115.77 ,  121.36 ,  120.83 
6/21/2013,  118.44 ,  115.84 ,  119.98 ,  119.76 
6/24/2013,  117.00 ,  114.34 ,  117.53 ,  117.33 
6/25/2013,  116.84 ,  114.29 ,  119.71 ,  119.51 
6/26/2013,  115.48 ,  112.94 ,  119.60 ,  119.23 
6/27/2013,  115.77 ,  113.26 ,  120.27 ,  120.02 
6/28/2013,  116.51 ,  113.83 ,  121.38 ,  121.14 
7/1/2013,  116.97 ,  113.43 ,  120.55 ,  120.20 
7/2/2013,  118.34 ,  114.84 ,  120.39 ,  119.85 
7/3/2013,  119.59 ,  116.69 ,  121.88 ,  121.34 
7/4/2013,  120.11 ,  117.61 ,  123.08 ,  122.48 
7/5/2013,  120.02 ,  117.46 ,  123.54 ,  122.83 
7/8/2013,  120.42 ,  117.74 ,  124.40 ,  123.61 
7/9/2013,  120.95 ,  118.54 ,  124.09 ,  123.19 
7/10/2013,  125.81 ,  121.51 ,  124.65 ,  123.50 
7/11/2013,  128.60 ,  124.21 ,  125.09 ,  123.85 
7/12/2013,  128.37 ,  123.97 ,  124.25 ,  122.83 
7/15/2013,  128.83 ,  124.73 ,  125.21 ,  123.72 
7/16/2013,  128.19 ,  124.21 ,  125.66 ,  124.19 
7/17/2013,  125.39 ,  122.49 ,  125.45 ,  123.92 
7/18/2013,  125.01 ,  121.88 ,  126.84 ,  125.15 
7/19/2013,  124.39 ,  122.15 ,  126.84 ,  125.25 
7/22/2013,  122.82 ,  120.78 ,  126.84 ,  125.22 
7/23/2013,  119.28 ,  116.93 ,  125.20 ,  123.55 
7/24/2013,  119.45 ,  117.10 ,  125.33 ,  123.68 
7/25/2013,  117.85 ,  115.68 ,  124.74 ,  123.07 
7/26/2013,  117.32 ,  115.15 ,  124.83 ,  123.19 
7/29/2013,  118.06 ,  115.53 ,  124.48 ,  122.73 
7/30/2013,  117.76 ,  115.43 ,  124.62 ,  122.87 
7/31/2013,  116.28 ,  114.00 ,  123.92 ,  122.07 
8/1/2013,  117.40 ,  115.00 ,  125.33 ,  123.46 
8/2/2013,  117.94 ,  115.58 ,  127.06 ,  125.19 
8/5/2013,  116.27 ,  113.87 ,  126.66 ,  124.69 
8/6/2013,  114.93 ,  112.19 ,  125.36 ,  123.32 
8/7/2013,  115.45 ,  112.71 ,  124.61 ,  122.66 
8/8/2013,,,,
8/9/2013,,,,
8/12/2013,  115.13 ,  112.88 ,  124.52 ,  122.43 
8/13/2013,  117.16 ,  114.91 ,  125.82 ,  123.73 
8/14/2013,  116.45 ,  114.20 ,  125.55 ,  123.46 
8/15/2013,  116.62 ,  114.37 ,  126.71 ,  124.59 
8/16/2013,  116.43 ,  114.18 ,  126.43 ,  124.24 
8/19/2013,  117.47 ,  114.91 ,  126.80 ,  124.58 
8/20/2013,  115.83 ,  112.97 ,  125.66 ,  123.25 
8/21/2013,  115.42 ,  113.10 ,  125.52 ,  123.09 
8/22/2013,  115.18 ,  112.76 ,  125.99 ,  123.55 
8/23/2013,  116.02 ,  113.60 ,  125.62 ,  123.14 
8/26/2013,  117.30 ,  114.88 ,  125.88 ,  123.40 
8/27/2013,  117.08 ,  114.66 ,  125.86 ,  123.53 
8/28/2013,  121.27 ,  118.79 ,  129.86 ,  127.38 
8/29/2013,  121.69 ,  119.21 ,  129.13 ,  126.71 
8/30/2013,  121.10 ,  118.62 ,  128.96 ,  126.44 
9/2/2013,  120.74 ,  117.59 ,  127.23 ,  124.76 
9/3/2013,  121.57 ,  118.79 ,  128.12 ,  125.65 
9/4/2013,  121.60 ,  118.52 ,  128.80 ,  126.32 
9/5/2013,  121.89 ,  118.59 ,  128.34 ,  125.86 
9/6/2013,  121.33 ,  117.83 ,  128.36 ,  125.89 
9/9/2013,  120.40 ,  117.57 ,  128.64 ,  126.17 
9/10/2013,  117.12 ,  114.39 ,  126.96 ,  124.50 
9/11/2013,  115.39 ,  112.87 ,  125.87 ,  123.44 
9/12/2013,  114.84 ,  112.36 ,  126.31 ,  123.83 
9/13/2013,  116.45 ,  113.77 ,  127.00 ,  124.47 
9/16/2013,  116.18 ,  113.61 ,  127.23 ,  124.67 
9/17/2013,  115.13 ,  112.16 ,  125.68 ,  123.18 
9/18/2013,  112.57 ,  110.06 ,  124.05 ,  121.45 
9/19/2013,  117.51 ,  114.51 ,  126.18 ,  123.48 
9/20/2013,  117.67 ,  113.79 ,  124.69 ,  122.00 
9/23/2013,  115.89 ,  113.18 ,  124.32 ,  121.66 
9/24/2013,  115.05 ,  112.33 ,  123.27 ,  120.69 
9/25/2013,  116.01 ,  112.89 ,  124.07 ,  121.53 
9/26/2013,  115.42 ,  112.29 ,  124.06 ,  121.46 
9/27/2013,  116.37 ,  112.34 ,  124.92 ,  122.41 
9/30/2013,  114.31 ,  110.36 ,  123.77 ,  121.48 
10/1/2013,  113.71 ,  109.95 ,  124.16 ,  121.97 
10/2/2013,  112.39 ,  109.26 ,  124.08 ,  121.95 
10/3/2013,  114.39 ,  111.20 ,  126.00 ,  123.87 
10/4/2013,  114.41 ,  111.21 ,  125.85 ,  123.83 
10/7/2013,  113.09 ,  110.21 ,  124.63 ,  122.92 
10/8/2013,  114.82 ,  111.92 ,  126.44 ,  124.73 
10/9/2013,  115.07 ,  112.30 ,  126.64 ,  125.17 
10/10/2013,  114.88 ,  112.32 ,  127.03 ,  125.49 
10/11/2013,  116.35 ,  114.09 ,  127.39 ,  125.95 
10/14/2013,  115.96 ,  113.86 ,  127.74 ,  126.36 
10/15/2013,,,,
10/16/2013,  115.05 ,  112.95 ,  126.20 ,  124.76 
10/17/2013,  116.10 ,  113.56 ,  126.62 ,  124.94 
10/18/2013,  114.36 ,  111.99 ,  125.20 ,  123.43 
10/21/2013,  115.08 ,  112.73 ,  126.02 ,  124.25 
10/22/2013,  115.14 ,  112.85 ,  125.95 ,  124.25 
10/23/2013,  114.01 ,  111.84 ,  124.98 ,  123.30 
10/24/2013,  113.05 ,  110.58 ,  124.03 ,  122.36 
10/25/2013,  112.29 ,  109.55 ,  122.76 ,  121.21 
10/28/2013,  113.07 ,  110.17 ,  123.97 ,  122.44 
10/29/2013,  114.30 ,  111.40 ,  125.82 ,  124.27 
10/30/2013,  113.97 ,  110.39 ,  125.46 ,  123.84 
10/31/2013,  114.32 ,  110.92 ,  125.86 ,  124.18 
11/1/2013,  114.74 ,  111.08 ,  126.75 ,  125.07 
11/4/2013,  112.16 ,  108.55 ,  124.30 ,  122.62 
11/5/2013,  111.38 ,  108.23 ,  123.76 ,  121.99 
11/6/2013,  111.61 ,  108.39 ,  123.55 ,  121.80 
11/7/2013,  111.74 ,  108.50 ,  123.24 ,  121.33 
11/8/2013,  112.19 ,  107.88 ,  122.58 ,  120.55 
11/11/2013,  113.44 ,  109.90 ,  123.10 ,  120.93 
11/12/2013,  113.56 ,  110.98 ,  123.69 ,  120.92 
11/13/2013,  113.51 ,  110.93 ,  122.98 ,  120.21 
11/14/2013,  115.98 ,  112.98 ,  124.07 ,  121.30 
11/15/2013,  116.96 ,  114.15 ,  124.98 ,  122.28 
11/18/2013,  115.66 ,  112.86 ,  124.81 ,  122.13 
11/19/2013,  115.47 ,  112.74 ,  124.23 ,  121.76 
11/20/2013,  114.89 ,  111.84 ,  124.39 ,  122.04 
11/21/2013,  116.11 ,  113.06 ,  125.91 ,  123.55 
11/22/2013,  118.03 ,  115.17 ,  128.04 ,  125.66 
11/25/2013,  116.69 ,  114.04 ,  127.89 ,  125.51 
11/26/2013,  116.94 ,  115.00 ,  129.29 ,  127.22 
11/27/2013,  117.19 ,  115.05 ,  129.85 ,  127.60 
11/28/2013,  117.48 ,  114.94 ,  130.19 ,  128.00 
11/29/2013,  116.92 ,  114.45 ,  129.90 ,  127.76 
12/2/2013,  115.84 ,  113.45 ,  129.76 ,  127.99 
12/3/2013,  116.85 ,  114.23 ,  130.01 ,  128.30 
12/4/2013,  118.25 ,  115.71 ,  130.53 ,  128.90 
12/5/2013,  117.73 ,  114.93 ,  129.16 ,  127.84 
12/6/2013,  118.34 ,  115.85 ,  128.66 ,  127.62 
12/9/2013,  119.16 ,  116.40 ,  127.77 ,  126.60 
12/10/2013,  117.85 ,  115.27 ,  126.07 ,  124.94 
12/11/2013,  117.60 ,  115.25 ,  126.22 ,  125.03 
12/12/2013,  117.95 ,  115.60 ,  126.53 ,  125.41 
12/13/2013,  116.59 ,  114.35 ,  125.31 ,  124.31 
12/16/2013,  116.97 ,  114.46 ,  125.43 ,  124.64 
12/17/2013,  117.57 ,  114.71 ,  125.99 ,  125.25 
12/18/2013,  117.11 ,  114.11 ,  125.74 ,  124.76 
12/19/2013,  118.04 ,  114.42 ,  126.61 ,  125.41 
12/20/2013,  119.40 ,  115.90 ,  127.06 ,  125.94 
12/23/2013,  121.18 ,  117.53 ,  128.26 ,  127.18 
12/24/2013,  120.77 ,  117.30 ,  127.88 ,  126.61 
12/26/2013,  121.98 ,  119.15 ,  128.24 ,  126.80 
12/27/2013,  121.92 ,  118.91 ,  128.42 ,  126.75 
12/30/2013,  122.72 ,  119.71 ,  128.94 ,  127.32 
12/31/2013,  121.31 ,  118.04 ,  127.43 ,  125.73 
1/2/2014,  122.31 ,  118.63 ,  127.15 ,  125.33 
1/3/2014,  119.61 ,  115.93 ,  124.20 ,  122.34 
1/6/2014,  117.92 ,  114.30 ,  123.21 ,  121.35 
1/7/2014,  118.02 ,  114.48 ,  123.57 ,  121.78 
1/8/2014,  118.20 ,  114.70 ,  123.63 ,  121.79 
1/9/2014,  117.91 ,  114.08 ,  123.32 ,  121.48 
1/10/2014,  117.71 ,  114.14 ,  123.22 ,  121.30 
1/13/2014,  118.43 ,  115.37 ,  122.78 ,  121.07 
1/14/2014,  117.22 ,  114.30 ,  122.17 ,  120.45 
1/15/2014,  116.42 ,  113.24 ,  121.59 ,  119.99 
1/16/2014,  116.93 ,  113.88 ,  122.00 ,  120.34 
1/17/2014,  116.16 ,  113.38 ,  122.01 ,  120.43 
1/20/2014,  116.25 ,  113.47 ,  122.19 ,  120.72 
1/21/2014,  117.65 ,  114.44 ,  122.82 ,  121.37 
1/22/2014,  117.62 ,  114.53 ,  122.69 ,  121.26 
1/23/2014,  118.87 ,  115.75 ,  123.29 ,  121.84 
1/24/2014,  118.58 ,  114.99 ,  123.23 ,  122.01 
1/27/2014,  118.38 ,  114.85 ,  123.35 ,  122.28 
1/28/2014,  117.50 ,  114.05 ,  122.54 ,  121.47 
1/29/2014,  117.65 ,  114.33 ,  122.97 ,  122.06 
1/30/2014,  118.27 ,  115.01 ,  123.06 ,  122.13 
1/31/2014,,,,
2/3/2014,  116.02 ,  113.06 ,  121.97 ,  121.04 
2/4/2014,  115.51 ,  112.62 ,  121.79 ,  120.81 
2/5/2014,  115.54 ,  112.44 ,  122.40 ,  121.52 
2/6/2014,  115.92 ,  112.78 ,  122.45 ,  121.65 
2/7/2014,  117.14 ,  114.00 ,  123.03 ,  122.22 
2/10/2014,  119.78 ,  117.12 ,  124.65 ,  123.88 
2/11/2014,  120.14 ,  117.34 ,  124.54 ,  123.80 
2/12/2014,  120.74 ,  118.09 ,  124.60 ,  123.86 
2/13/2014,  120.14 ,  117.10 ,  123.81 ,  123.07 
2/14/2014,  120.46 ,  117.44 ,  124.01 ,  123.27 
2/17/2014,  121.32 ,  118.38 ,  124.92 ,  124.20 
2/18/2014,  121.02 ,  117.84 ,  125.13 ,  124.43 
2/19/2014,  121.68 ,  118.22 ,  126.13 ,  125.50 
2/20/2014,  120.78 ,  117.87 ,  126.21 ,  125.63 
2/21/2014,  121.45 ,  118.36 ,  126.23 ,  125.68 
2/24/2014,  121.44 ,  118.58 ,  125.52 ,  124.85 
2/25/2014,  122.14 ,  119.08 ,  125.39 ,  124.66 
2/26/2014,  121.05 ,  118.09 ,  124.43 ,  123.73 
2/27/2014,  120.97 ,  118.01 ,  124.36 ,  123.70 
2/28/2014,  120.87 ,  117.55 ,  123.77 ,  123.11 
3/3/2014,  123.07 ,  119.85 ,  125.93 ,  125.25 
3/4/2014,  121.64 ,  118.33 ,  124.65 ,  123.90 
3/5/2014,  121.36 ,  118.18 ,  124.17 ,  123.45 
3/6/2014,  120.14 ,  117.16 ,  122.68 ,  121.92 
3/7/2014,  121.16 ,  118.14 ,  122.66 ,  121.78 
3/10/2014,  121.08 ,  118.14 ,  122.68 ,  121.85 
3/11/2014,  121.10 ,  118.02 ,  122.74 ,  121.89 
3/12/2014,  120.22 ,  117.50 ,  122.02 ,  121.15 
3/13/2014,  120.00 ,  117.33 ,  121.61 ,  120.64 
3/14/2014,  119.36 ,  116.78 ,  121.29 ,  120.24 
3/17/2014,  118.84 ,  116.75 ,  122.16 ,  121.11 
3/18/2014,  117.21 ,  115.08 ,  120.97 ,  119.97 
3/19/2014,  117.45 ,  115.17 ,  121.23 ,  120.26 
3/20/2014,  116.61 ,  114.29 ,  121.17 ,  120.14 
3/21/2014,  118.34 ,  115.41 ,  122.25 ,  121.17 
3/24/2014,  118.05 ,  115.01 ,  122.26 ,  121.18 
3/25/2014,  117.65 ,  114.55 ,  122.69 ,  121.61 
3/26/2014,  117.61 ,  114.56 ,  122.93 ,  121.93 
3/27/2014,  117.68 ,  114.79 ,  122.61 ,  121.61 
3/28/2014,  119.34 ,  116.27 ,  123.21 ,  122.21 
3/31/2014,  118.76 ,  115.79 ,  123.04 ,  121.93 
4/1/2014,  119.40 ,  115.43 ,  123.04 ,  121.88 
4/2/2014,  117.34 ,  113.36 ,  121.81 ,  120.56 
4/3/2014,  116.93 ,  112.85 ,  120.76 ,  119.59 
4/4/2014,  119.13 ,  115.31 ,  122.92 ,  121.65 
4/7/2014,  119.81 ,  115.88 ,  121.57 ,  120.29 
4/8/2014,  120.12 ,  116.09 ,  122.75 ,  121.41 
4/9/2014,  120.99 ,  117.16 ,  123.57 ,  122.22 
4/10/2014,  121.57 ,  117.73 ,  124.26 ,  122.76 
4/11/2014,  121.53 ,  117.61 ,  123.51 ,  121.99 
4/14/2014,  122.75 ,  119.01 ,  124.44 ,  122.93 
4/15/2014,  122.72 ,  118.87 ,  125.24 ,  123.66 
4/16/2014,  122.55 ,  119.79 ,  126.10 ,  124.56 
4/17/2014,  123.50 ,  119.85 ,  125.95 ,  124.54 
4/21/2014,  123.58 ,  119.85 ,  125.87 ,  124.51 
4/22/2014,  123.54 ,  119.97 ,  126.38 ,  125.01 
4/23/2014,  123.10 ,  119.36 ,  126.21 ,  124.71 
4/24/2014,  123.21 ,  119.46 ,  125.47 ,  123.98 
4/25/2014,  123.46 ,  119.58 ,  126.11 ,  124.59 
4/28/2014,  122.70 ,  118.99 ,  125.62 ,  124.32 
4/29/2014,  120.74 ,  117.38 ,  124.19 ,  122.89 
4/30/2014,  120.43 ,  117.00 ,  124.00 ,  122.79 
5/1/2014,,,,
5/2/2014,  119.25 ,  115.58 ,  123.71 ,  122.46 
5/5/2014,  118.65 ,  115.04 ,  123.91 ,  122.80 
5/6/2014,  117.39 ,  113.76 ,  123.35 ,  122.23 
5/7/2014,  116.84 ,  113.38 ,  122.75 ,  121.63 
5/8/2014,  119.01 ,  115.54 ,  122.95 ,  121.83 
5/9/2014,  120.61 ,  117.07 ,  123.53 ,  122.25 
5/12/2014,  120.59 ,  116.62 ,  122.79 ,  121.57 
5/13/2014,,,,
5/14/2014,  121.74 ,  117.83 ,  123.77 ,  122.51 
5/15/2014,  121.68 ,  117.73 ,  124.03 ,  122.95 
5/16/2014,  122.02 ,  118.18 ,  123.47 ,  122.63 
5/19/2014,  122.99 ,  119.44 ,  124.04 ,  123.22 
5/20/2014,  122.68 ,  119.22 ,  123.48 ,  122.60 
5/21/2014,  121.95 ,  118.87 ,  123.83 ,  122.86 
5/22/2014,  122.61 ,  119.47 ,  123.52 ,  122.73 
5/23/2014,  123.59 ,  120.33 ,  123.01 ,  122.39 
5/26/2014,  123.58 ,  120.23 ,  122.88 ,  122.19 
5/27/2014,  123.54 ,  120.54 ,  123.47 ,  122.88 
5/28/2014,  123.23 ,  120.53 ,  123.22 ,  122.52 
5/29/2014,  123.46 ,  120.25 ,  122.51 ,  121.76 
5/30/2014,  123.15 ,  119.51 ,  121.86 ,  120.98 
6/2/2014,  121.72 ,  118.38 ,  120.82 ,  119.61 
6/3/2014,  120.30 ,  116.88 ,  119.45 ,  118.26 
6/4/2014,  119.83 ,  116.87 ,  119.28 ,  118.25 
6/5/2014,  118.78 ,  115.62 ,  118.37 ,  117.30 
6/6/2014,  120.30 ,  116.83 ,  119.56 ,  118.44 
6/9/2014,  119.51 ,  116.72 ,  119.21 ,  118.14 
6/10/2014,  120.34 ,  117.77 ,  119.41 ,  118.27 
6/11/2014,  119.74 ,  117.48 ,  119.75 ,  118.54 
6/12/2014,  121.07 ,  118.71 ,  121.51 ,  120.25 
6/13/2014,  123.67 ,  121.07 ,  124.34 ,  123.17 
6/16/2014,  122.43 ,  120.34 ,  123.67 ,  122.45 
6/17/2014,  124.41 ,  120.45 ,  122.92 ,  121.70 
6/18/2014,  126.18 ,  122.15 ,  124.54 ,  123.41 
6/19/2014,  126.72 ,  122.96 ,  124.73 ,  123.80 
6/20/2014,  127.26 ,  123.84 ,  125.05 ,  124.16 
6/23/2014,  127.71 ,  124.53 ,  125.56 ,  124.66 
6/24/2014,  125.90 ,  122.72 ,  124.28 ,  123.44 
6/25/2014,  126.98 ,  123.29 ,  124.79 ,  123.65 
6/26/2014,  127.62 ,  123.46 ,  124.55 ,  123.47 
6/27/2014,  128.80 ,  124.21 ,  124.29 ,  123.10 
6/30/2014,  129.32 ,  125.42 ,  123.06 ,  121.93 
7/1/2014,  129.37 ,  126.22 ,  123.33 ,  122.23 
7/2/2014,  127.55 ,  124.56 ,  123.65 ,  122.34 
7/3/2014,  125.63 ,  122.67 ,  121.70 ,  120.27 
7/4/2014,  126.92 ,  124.13 ,  121.83 ,  120.36 
7/7/2014,  125.46 ,  123.10 ,  121.25 ,  119.79 
7/8/2014,  124.39 ,  122.40 ,  120.86 ,  119.28 
7/9/2014,  123.55 ,  121.94 ,  119.75 ,  118.08 
7/10/2014,  123.09 ,  121.34 ,  119.51 ,  117.86 
7/11/2014,  124.35 ,  122.46 ,  120.42 ,  118.74 
7/14/2014,  123.15 ,  121.13 ,  119.94 ,  118.26 
7/15/2014,  123.48 ,  121.46 ,  119.99 ,  118.34 
7/16/2014,  123.13 ,  121.08 ,  119.60 ,  118.04 
7/17/2014,  121.31 ,  119.37 ,  119.76 ,  118.18 
7/18/2014,  121.20 ,  118.99 ,  120.09 ,  118.54 
7/21/2014,  119.62 ,  117.02 ,  119.06 ,  117.55 
7/22/2014,  120.32 ,  118.13 ,  119.81 ,  118.23 
7/23/2014,  118.98 ,  116.94 ,  119.09 ,  117.62 
7/24/2014,  117.81 ,  115.60 ,  119.94 ,  118.50 
7/25/2014,  117.03 ,  114.71 ,  119.86 ,  118.41 
7/28/2014,,,,
7/29/2014,  116.69 ,  115.03 ,  120.56 ,  118.99 
7/30/2014,  116.41 ,  114.61 ,  121.09 ,  119.44 
7/31/2014,  114.28 ,  112.31 ,  119.82 ,  118.11 
8/1/2014,  113.84 ,  111.36 ,  120.44 ,  118.90 
8/4/2014,  111.06 ,  109.40 ,  119.94 ,  118.28 
8/5/2014,  110.69 ,  108.91 ,  119.48 ,  117.91 
8/6/2014,  111.48 ,  108.84 ,  118.81 ,  117.19 
8/7/2014,  111.73 ,  109.02 ,  119.29 ,  117.65 
8/8/2014,  113.12 ,  110.81 ,  120.36 ,  118.83 
8/11/2014,  111.91 ,  110.16 ,  118.72 ,  117.24 
8/12/2014,  112.16 ,  110.28 ,  118.20 ,  116.76 
8/13/2014,  111.10 ,  109.36 ,  117.30 ,  115.86 
8/14/2014,  110.55 ,  109.15 ,  119.11 ,  117.75 
8/15/2014,  108.43 ,  106.76 ,  116.73 ,  115.41 
8/18/2014,  108.88 ,  107.21 ,  116.75 ,  115.57 
8/19/2014,  109.47 ,  107.04 ,  116.44 ,  115.30 
8/20/2014,  110.52 ,  108.14 ,  116.79 ,  115.83 
8/21/2014,  109.74 ,  107.36 ,  115.95 ,  115.09 
8/22/2014,  111.73 ,  109.35 ,  116.76 ,  115.99 
8/25/2014,  111.41 ,  109.01 ,  116.58 ,  115.64 
8/26/2014,  112.22 ,  109.67 ,  116.97 ,  116.00 
8/27/2014,  112.30 ,  110.24 ,  117.80 ,  116.74 
8/28/2014,  112.86 ,  111.09 ,  118.02 ,  116.94 
8/29/2014,  113.06 ,  111.26 ,  117.73 ,  116.60 
9/1/2014,  112.57 ,  111.14 ,  117.60 ,  116.55 
9/2/2014,  111.97 ,  110.55 ,  117.09 ,  116.07 
9/3/2014,  111.37 ,  109.46 ,  115.68 ,  114.66 
9/4/2014,  112.88 ,  110.76 ,  117.04 ,  116.01 
9/5/2014,  112.52 ,  110.86 ,  116.57 ,  115.43 
9/8/2014,  110.60 ,  108.91 ,  114.75 ,  113.61 
9/9/2014,  110.53 ,  108.88 ,  114.80 ,  113.63 
9/10/2014,  110.99 ,  109.22 ,  114.19 ,  113.02 
9/11/2014,  110.39 ,  108.34 ,  112.56 ,  111.39 
9/12/2014,  111.76 ,  109.47 ,  113.54 ,  112.31 
9/15/2014,  110.03 ,  108.20 ,  112.10 ,  110.84 
9/16/2014,  110.14 ,  108.53 ,  112.04 ,  110.80 
9/17/2014,  110.64 ,  109.20 ,  112.95 ,  111.75 
9/18/2014,  110.10 ,  108.66 ,  112.38 ,  111.24 
9/19/2014,  108.68 ,  107.04 ,  111.17 ,  110.03 
9/22/2014,  108.48 ,  107.13 ,  111.12 ,  109.95 
9/23/2014,  108.52 ,  107.07 ,  110.92 ,  109.74 
9/24/2014,  109.82 ,  107.28 ,  110.16 ,  109.00 
9/25/2014,  110.58 ,  107.57 ,  110.23 ,  109.05 
9/26/2014,  110.09 ,  107.08 ,  110.30 ,  109.12 
9/29/2014,  109.02 ,  106.01 ,  110.05 ,  108.87 
9/30/2014,  111.04 ,  108.03 ,  111.01 ,  109.84 
10/1/2014,  108.72 ,  105.71 ,  108.77 ,  107.62 
10/2/2014,  107.84 ,  104.83 ,  106.69 ,  105.48 
10/3/2014,  108.59 ,  105.43 ,  107.18 ,  105.95 
10/6/2014,,,,
10/7/2014,  107.38 ,  104.22 ,  105.83 ,  104.65 
10/8/2014,  105.84 ,  102.68 ,  104.15 ,  103.07 
10/9/2014,  105.82 ,  102.66 ,  104.38 ,  103.19 
10/10/2014,  101.74 ,  98.58 ,  101.78 ,  100.58 
10/13/2014,  100.42 ,  97.26 ,  101.64 ,  100.41 
10/14/2014,  100.91 ,  97.80 ,  102.14 ,  100.90 
10/15/2014,  97.66 ,  94.55 ,  97.76 ,  96.54 
10/16/2014,  97.29 ,  94.18 ,  96.97 ,  95.68 
10/17/2014,  99.65 ,  96.45 ,  99.02 ,  97.62 
10/20/2014,  98.82 ,  96.22 ,  99.48 ,  98.09 
10/21/2014,  97.91 ,  95.31 ,  99.07 ,  97.65 
10/22/2014,,,,
10/23/2014,  96.11 ,  93.51 ,  98.42 ,  96.99 
10/24/2014,  97.33 ,  94.58 ,  99.51 ,  98.02 
10/27/2014,  97.78 ,  95.03 ,  99.24 ,  97.72 
10/28/2014,  96.87 ,  94.12 ,  99.20 ,  97.80 
10/29/2014,  98.29 ,  95.30 ,  100.14 ,  98.73 
10/30/2014,  100.07 ,  97.08 ,  100.84 ,  99.35 
10/31/2014,  99.52 ,  96.53 ,  100.17 ,  98.64 
11/3/2014,  96.48 ,  94.68 ,  100.51 ,  98.98 
11/4/2014,  93.38 ,  91.57 ,  99.04 ,  97.50 
11/5/2014,  91.52 ,  89.73 ,  97.42 ,  95.87 
11/6/2014,  93.11 ,  90.87 ,  97.52 ,  95.97 
11/7/2014,  93.93 ,  91.58 ,  97.67 ,  96.13 
11/10/2014,  94.63 ,  92.36 ,  100.21 ,  98.51 
11/11/2014,  92.10 ,  89.85 ,  98.12 ,  96.37 
11/12/2014,  91.30 ,  89.05 ,  97.94 ,  96.09 
11/13/2014,  90.37 ,  88.12 ,  96.64 ,  94.61 
11/14/2014,  87.69 ,  85.21 ,  93.79 ,  91.23 
11/17/2014,  87.91 ,  85.43 ,  94.69 ,  91.95 
11/18/2014,  88.35 ,  85.87 ,  95.85 ,  93.05 
11/19/2014,  87.90 ,  85.42 ,  94.85 ,  92.05 
11/20/2014,  87.48 ,  85.00 ,  94.41 ,  91.67 
11/21/2014,  89.45 ,  86.36 ,  95.37 ,  92.71 
11/24/2014,  91.93 ,  88.28 ,  95.77 ,  93.55 
11/25/2014,  91.42 ,  87.77 ,  94.97 ,  92.75 
11/26/2014,  89.73 ,  87.03 ,  94.06 ,  91.93 
11/27/2014,  87.23 ,  84.53 ,  92.13 ,  90.12 
11/28/2014,  82.86 ,  80.16 ,  87.65 ,  85.88 
12/1/2014,  79.08 ,  76.38 ,  84.22 ,  82.50 
12/2/2014,  82.06 ,  79.79 ,  87.72 ,  86.05 
12/3/2014,  80.01 ,  77.74 ,  86.44 ,  84.64 
12/4/2014,  78.52 ,  76.25 ,  85.39 ,  83.65 
12/5/2014,  76.75 ,  74.96 ,  84.35 ,  82.53 
12/8/2014,  75.66 ,  73.65 ,  83.24 ,  81.45 
12/9/2014,  73.35 ,  71.32 ,  81.04 ,  79.27 
12/10/2014,  73.43 ,  71.39 ,  81.27 ,  79.56 
12/11/2014,  72.02 ,  69.98 ,  79.86 ,  78.11 
12/12/2014,  70.65 ,  68.34 ,  78.13 ,  76.42 
12/15/2014,  70.44 ,  68.13 ,  77.93 ,  76.22 
12/16/2014,  67.08 ,  64.77 ,  75.17 ,  73.40 
12/17/2014,  67.10 ,  64.79 ,  74.59 ,  72.80 
12/18/2014,  69.27 ,  66.96 ,  76.42 ,  74.63 
12/19/2014,  67.78 ,  65.17 ,  74.22 ,  72.47 
12/22/2014,  71.01 ,  68.40 ,  76.94 ,  75.09 
12/23/2014,  68.46 ,  65.85 ,  74.99 ,  73.17 
12/24/2014,  70.31 ,  67.32 ,  76.22 ,  74.38 
12/29/2014,  68.16 ,  65.68 ,  74.13 ,  72.50 
12/30/2014,  64.48 ,  62.15 ,  71.39 ,  69.75 
12/31/2014,  64.58 ,  62.14 ,  71.86 ,  70.51 
1/2/2015,  65.58 ,  62.99 ,  72.69 ,  71.28 
1/5/2015,  62.67 ,  60.26 ,  70.88 ,  69.46 
1/6/2015,  59.82 ,  57.41 ,  67.69 ,  66.31 
1/7/2015,  57.36 ,  54.95 ,  65.01 ,  63.71 
1/8/2015,  58.12 ,  55.60 ,  65.64 ,  64.43 
1/9/2015,  57.89 ,  55.47 ,  65.82 ,  64.57 
1/12/2015,  55.40 ,  52.98 ,  64.17 ,  62.72 
1/13/2015,  52.69 ,  50.38 ,  61.37 ,  59.98 
1/14/2015,  53.51 ,  50.92 ,  61.01 ,  59.74 
1/15/2015,  56.52 ,  53.59 ,  62.98 ,  61.78 
1/16/2015,  56.64 ,  53.71 ,  62.83 ,  61.68 
1/19/2015,  57.48 ,  54.38 ,  62.81 ,  61.75 
1/20/2015,  56.39 ,  53.39 ,  61.85 ,  60.75 
1/21/2015,  56.38 ,  53.52 ,  62.18 ,  61.03 
1/22/2015,  56.14 ,  53.12 ,  62.00 ,  60.85 
1/23/2015,  57.54 ,  54.58 ,  63.30 ,  62.21 
1/26/2015,  56.04 ,  53.08 ,  61.68 ,  60.74 
1/27/2015,  55.73 ,  52.82 ,  61.58 ,  60.64 
1/28/2015,  57.47 ,  54.56 ,  62.09 ,  61.10 
1/29/2015,  57.59 ,  54.68 ,  61.57 ,  60.58 
1/30/2015,  58.79 ,  55.42 ,  61.53 ,  60.67 
2/2/2015,  61.89 ,  58.52 ,  63.85 ,  62.91 
2/3/2015,  66.94 ,  63.57 ,  67.70 ,  66.67 
2/4/2015,  68.70 ,  65.22 ,  70.24 ,  69.20 
2/5/2015,  64.86 ,  61.61 ,  67.52 ,  66.42 
2/6/2015,  68.21 ,  64.87 ,  70.47 ,  69.40 
2/9/2015,  69.85 ,  66.57 ,  71.57 ,  70.47 
2/10/2015,  69.55 ,  66.22 ,  72.49 ,  71.38 
2/11/2015,  68.90 ,  65.71 ,  71.95 ,  71.00 
2/12/2015,  68.54 ,  65.35 ,  71.59 ,  70.67 
2/13/2015,  72.29 ,  68.75 ,  75.02 ,  74.10 
2/16/2015,  72.63 ,  69.09 ,  74.95 ,  73.95 
2/17/2015,  73.54 ,  70.00 ,  75.32 ,  74.42 
2/18/2015,  73.48 ,  69.94 ,  75.43 ,  74.44 
2/19/2015,,,,
2/20/2015,,,,
2/23/2015,  72.62 ,  68.89 ,  73.76 ,  72.74 
2/24/2015,  71.37 ,  67.91 ,  72.58 ,  71.55 
2/25/2015,  71.81 ,  68.42 ,  72.71 ,  71.67 
2/26/2015,  76.49 ,  73.10 ,  75.65 ,  74.68 
2/27/2015,  76.63 ,  73.41 ,  75.72 ,  74.79 
3/2/2015,  77.56 ,  74.34 ,  77.07 ,  76.14 
3/3/2015,  76.25 ,  72.82 ,  74.93 ,  74.00 
3/4/2015,  77.31 ,  73.88 ,  75.94 ,  74.91 
3/5/2015,  76.93 ,  73.50 ,  75.58 ,  74.48 
3/6/2015,  77.04 ,  73.76 ,  75.46 ,  74.28 
3/9/2015,  75.96 ,  72.68 ,  74.24 ,  72.89 
3/10/2015,  76.24 ,  72.80 ,  73.34 ,  71.94 
3/11/2015,  74.12 ,  70.51 ,  72.39 ,  70.90 
3/12/2015,  74.70 ,  71.09 ,  73.70 ,  72.08 
3/13/2015,  73.34 ,  69.83 ,  71.81 ,  70.16 
3/16/2015,  70.65 ,  67.14 ,  69.18 ,  67.38 
3/17/2015,  69.59 ,  65.79 ,  69.07 ,  67.16 
3/18/2015,  69.29 ,  65.49 ,  69.35 ,  67.25 
3/19/2015,  71.48 ,  67.68 ,  71.65 ,  69.58 
3/20/2015,  71.37 ,  67.84 ,  69.97 ,  67.93 
3/23/2015,  71.74 ,  68.21 ,  70.17 ,  68.02 
3/24/2015,  72.69 ,  69.16 ,  70.86 ,  68.75 
3/25/2015,  72.52 ,  68.99 ,  70.18 ,  68.15 
3/26/2015,  76.66 ,  73.23 ,  73.77 ,  71.71 
3/27/2015,  75.29 ,  71.86 ,  72.67 ,  70.59 
3/30/2015,  72.67 ,  69.24 ,  71.64 ,  69.60 
3/31/2015,  71.11 ,  67.66 ,  70.55 ,  68.56 
4/1/2015,  70.21 ,  67.15 ,  70.58 ,  68.56 
4/2/2015,  71.50 ,  68.44 ,  70.96 ,  69.58 
4/6/2015,  69.84 ,  66.95 ,  70.37 ,  69.09 
4/7/2015,  71.47 ,  68.71 ,  71.17 ,  69.72 
4/8/2015,  72.30 ,  69.54 ,  71.78 ,  70.44 
4/9/2015,  68.39 ,  66.20 ,  70.02 ,  68.57 
4/10/2015,  69.72 ,  67.53 ,  70.17 ,  68.75 
4/13/2015,  72.59 ,  70.40 ,  73.25 ,  71.79 
4/14/2015,  72.97 ,  70.75 ,  72.34 ,  70.96 
4/15/2015,  74.77 ,  72.17 ,  72.93 ,  71.48 
4/16/2015,  78.14 ,  75.30 ,  75.01 ,  73.55 
4/17/2015,  77.95 ,  75.67 ,  75.80 ,  74.31 
4/20/2015,  77.94 ,  75.82 ,  75.45 ,  74.02 
4/21/2015,  76.84 ,  74.80 ,  75.18 ,  73.68 
4/22/2015,  75.50 ,  73.41 ,  74.05 ,  72.55 
4/23/2015,  77.70 ,  75.46 ,  74.85 ,  73.29 
4/24/2015,  82.03 ,  79.79 ,  77.63 ,  75.95 
4/27/2015,  82.18 ,  79.83 ,  77.60 ,  75.90 
4/28/2015,  81.57 ,  79.09 ,  76.86 ,  75.15 
4/29/2015,  80.62 ,  77.91 ,  76.68 ,  75.03 
4/30/2015,  82.30 ,  79.64 ,  79.03 ,  77.45 
5/1/2015,,,,
5/4/2015,  83.39 ,  80.89 ,  79.71 ,  78.05 
5/5/2015,  82.98 ,  80.48 ,  79.46 ,  77.76 
5/6/2015,  84.53 ,  81.68 ,  81.93 ,  80.30 
5/7/2015,  83.20 ,  79.98 ,  81.92 ,  80.31 
5/8/2015,  81.57 ,  78.48 ,  79.55 ,  78.03 
5/11/2015,  83.27 ,  80.61 ,  79.74 ,  78.24 
5/12/2015,  82.81 ,  80.25 ,  79.99 ,  78.63 
5/13/2015,  85.03 ,  82.47 ,  82.16 ,  80.70 
5/14/2015,  84.03 ,  81.47 ,  81.53 ,  79.56 
5/15/2015,  85.24 ,  82.68 ,  81.71 ,  79.58 
5/18/2015,  86.53 ,  83.97 ,  82.46 ,  79.82 
5/19/2015,  85.30 ,  82.70 ,  80.32 ,  77.55 
5/20/2015,  84.37 ,  81.77 ,  79.57 ,  76.81 
5/21/2015,  84.07 ,  81.51 ,  79.71 ,  76.96 
5/22/2015,  85.39 ,  82.83 ,  81.10 ,  78.29 
5/25/2015,  84.15 ,  81.69 ,  79.43 ,  76.61 
5/26/2015,  83.45 ,  80.97 ,  79.57 ,  77.03 
5/27/2015,  82.20 ,  79.72 ,  78.36 ,  76.15 
5/28/2015,  80.21 ,  77.59 ,  76.79 ,  74.78 
5/29/2015,  82.94 ,  80.32 ,  77.12 ,  75.26 
6/1/2015,,,,
6/2/2015,  85.04 ,  82.52 ,  79.74 ,  77.93 
6/3/2015,  83.66 ,  81.14 ,  78.99 ,  77.18 
6/4/2015,  82.77 ,  80.25 ,  76.64 ,  74.67 
6/5/2015,  81.09 ,  78.57 ,  75.01 ,  73.06 
6/8/2015,  84.19 ,  81.07 ,  76.28 ,  74.16 
6/9/2015,  84.55 ,  81.43 ,  76.54 ,  74.40 
6/10/2015,  88.14 ,  85.02 ,  79.64 ,  77.51 
6/11/2015,  88.08 ,  84.96 ,  79.12 ,  76.97 
6/12/2015,  86.10 ,  83.08 ,  77.63 ,  75.48 
6/15/2015,  85.47 ,  82.45 ,  76.74 ,  74.39 
6/16/2015,  86.00 ,  82.98 ,  76.50 ,  74.06 
6/17/2015,  86.80 ,  83.78 ,  77.14 ,  74.67 
6/18/2015,  86.12 ,  83.10 ,  77.73 ,  75.30 
6/19/2015,  84.39 ,  81.37 ,  77.41 ,  75.00 
6/22/2015,  82.09 ,  79.07 ,  76.44 ,  74.03 
6/23/2015,  81.38 ,  78.36 ,  76.12 ,  73.73 
6/24/2015,  83.28 ,  80.26 ,  78.02 ,  75.62 
6/25/2015,  82.05 ,  79.03 ,  76.43 ,  73.95 
6/26/2015,  81.20 ,  78.18 ,  75.70 ,  73.14 
6/29/2015,  79.98 ,  76.96 ,  74.36 ,  71.69 
6/30/2015,  80.90 ,  77.88 ,  75.07 ,  72.42 
7/1/2015,  80.26 ,  77.23 ,  75.39 ,  72.77 
7/2/2015,  78.13 ,  75.11 ,  74.14 ,  71.63 
7/3/2015,  78.55 ,  75.44 ,  74.12 ,  71.62 
7/6/2015,  76.88 ,  74.14 ,  71.70 ,  69.06 
7/7/2015,  75.58 ,  72.69 ,  69.76 ,  67.12 
7/8/2015,  75.45 ,  72.56 ,  68.20 ,  65.58 
7/9/2015,  79.33 ,  76.13 ,  69.51 ,  66.80 
7/10/2015,  80.21 ,  76.81 ,  70.30 ,  67.45 
7/13/2015,  78.26 ,  74.86 ,  69.41 ,  66.29 
7/14/2015,  76.79 ,  73.39 ,  68.88 ,  65.43 
7/15/2015,  76.79 ,  73.39 ,  69.54 ,  66.10 
7/16/2015,  75.97 ,  72.57 ,  67.77 ,  64.26 
7/17/2015,,,,
7/20/2015,  76.28 ,  72.88 ,  67.37 ,  63.98 
7/21/2015,  75.28 ,  71.68 ,  66.79 ,  63.50 
7/22/2015,  74.74 ,  70.79 ,  67.01 ,  63.76 
7/23/2015,  73.95 ,  70.00 ,  66.69 ,  63.37 
7/24/2015,  74.28 ,  70.43 ,  65.90 ,  62.66 
7/27/2015,  73.98 ,  70.23 ,  64.48 ,  61.11 
7/28/2015,  72.16 ,  68.51 ,  62.51 ,  59.23 
7/29/2015,  71.51 ,  67.91 ,  62.97 ,  59.38 
7/30/2015,  72.58 ,  68.98 ,  64.19 ,  60.65 
7/31/2015,  73.86 ,  69.78 ,  63.41 ,  59.87 
8/3/2015,  71.96 ,  67.61 ,  62.26 ,  58.61 
8/4/2015,  70.67 ,  66.32 ,  62.50 ,  58.76 
8/5/2015,  72.20 ,  67.85 ,  62.06 ,  58.33 
8/6/2015,  71.56 ,  67.39 ,  61.79 ,  57.87 
8/7/2015,,,,
8/10/2015,,,,
8/11/2015,  71.13 ,  66.86 ,  63.59 ,  59.72 
8/12/2015,  70.21 ,  65.47 ,  62.50 ,  58.79 
8/13/2015,  70.70 ,  66.26 ,  63.68 ,  59.87 
8/14/2015,  69.74 ,  65.10 ,  61.81 ,  57.98 
8/17/2015,  67.32 ,  63.24 ,  61.30 ,  57.37 
8/18/2015,  66.84 ,  62.76 ,  61.33 ,  57.67 
8/19/2015,  66.28 ,  62.64 ,  62.03 ,  58.28 
8/20/2015,  63.03 ,  59.70 ,  59.98 ,  56.28 
8/21/2015,  61.83 ,  58.35 ,  59.17 ,  55.70 
8/24/2015,  59.76 ,  56.57 ,  57.56 ,  54.13 
8/25/2015,  58.70 ,  55.05 ,  56.51 ,  53.09 
8/26/2015,  58.08 ,  54.61 ,  56.75 ,  53.33 
8/27/2015,  58.93 ,  54.62 ,  57.09 ,  54.26 
8/28/2015,  61.77 ,  57.56 ,  59.45 ,  56.63 
8/31/2015,  63.38 ,  59.17 ,  61.40 ,  58.54 
9/1/2015,  66.74 ,  62.63 ,  64.50 ,  61.65 
9/2/2015,  64.40 ,  60.39 ,  61.12 ,  58.66 
9/3/2015,  66.24 ,  62.46 ,  62.77 ,  60.86 
9/4/2015,  67.10 ,  62.86 ,  63.42 ,  61.51 
9/7/2015,  66.43 ,  62.11 ,  62.35 ,  60.56 
9/8/2015,  65.49 ,  61.17 ,  61.16 ,  59.47 
9/9/2015,  66.30 ,  62.29 ,  62.90 ,  61.26 
9/10/2015,  64.11 ,  60.50 ,  60.88 ,  59.14 
9/11/2015,,,,
9/14/2015,  64.19 ,  60.70 ,  60.68 ,  59.03 
9/15/2015,  62.23 ,  59.14 ,  59.85 ,  58.18 
9/16/2015,  64.27 ,  60.53 ,  60.32 ,  58.45 
9/17/2015,  65.32 ,  61.58 ,  61.48 ,  59.63 
9/18/2015,  65.01 ,  61.27 ,  61.23 ,  59.30 
9/21/2015,  64.04 ,  60.66 ,  60.06 ,  58.25 
9/22/2015,  65.13 ,  62.06 ,  60.14 ,  58.45 
9/23/2015,  67.52 ,  64.07 ,  61.95 ,  60.60 
9/24/2015,,,,
9/25/2015,  65.37 ,  61.92 ,  60.41 ,  59.15 
9/28/2015,  65.68 ,  62.23 ,  59.98 ,  58.77 
9/29/2015,  64.45 ,  61.46 ,  59.27 ,  58.11 
9/30/2015,  64.70 ,  61.71 ,  59.74 ,  58.53 
10/1/2015,  67.42 ,  64.67 ,  60.82 ,  59.10 
10/2/2015,  66.06 ,  62.87 ,  60.28 ,  58.32 
10/5/2015,  65.77 ,  62.97 ,  60.95 ,  58.99 
10/6/2015,  65.54 ,  62.74 ,  61.36 ,  59.47 
10/7/2015,  67.30 ,  64.50 ,  64.90 ,  62.98 
10/8/2015,  65.40 ,  62.60 ,  63.76 ,  61.92 
10/9/2015,  65.61 ,  62.81 ,  64.76 ,  62.92 
10/12/2015,  66.28 ,  63.48 ,  64.38 ,  62.50 
10/13/2015,  64.68 ,  61.88 ,  61.67 ,  59.79 
10/14/2015,  63.89 ,  61.06 ,  60.44 ,  58.58 
10/15/2015,  63.94 ,  61.11 ,  60.37 ,  58.51 
10/16/2015,  63.94 ,  61.11 ,  60.98 ,  59.12 
10/19/2015,  62.37 ,  59.50 ,  60.65 ,  58.79 
10/20/2015,  59.64 ,  57.04 ,  59.38 ,  57.52 
10/21/2015,  59.16 ,  56.90 ,  59.13 ,  57.33 
10/22/2015,  60.74 ,  57.70 ,  59.85 ,  58.15 
10/23/2015,  61.28 ,  58.24 ,  60.27 ,  58.57 
10/26/2015,  60.91 ,  57.97 ,  59.66 ,  57.94 
10/27/2015,  60.28 ,  57.24 ,  58.35 ,  56.63 
10/28/2015,  60.53 ,  57.60 ,  58.64 ,  56.92 
10/29/2015,  62.28 ,  59.39 ,  60.11 ,  58.39 
10/30/2015,  61.63 ,  58.74 ,  60.04 ,  58.32 
11/2/2015,  61.80 ,  58.91 ,  61.29 ,  59.57 
11/3/2015,  60.69 ,  57.80 ,  61.10 ,  59.38 
11/4/2015,  62.00 ,  59.60 ,  63.26 ,  61.54 
11/5/2015,  60.70 ,  58.30 ,  61.42 ,  59.69 
11/6/2015,  61.06 ,  58.73 ,  60.68 ,  59.01 
11/9/2015,  60.30 ,  57.97 ,  60.85 ,  59.05 
11/10/2015,,,,
11/11/2015,  59.61 ,  57.28 ,  60.32 ,  58.49 
11/12/2015,  59.60 ,  56.90 ,  59.54 ,  57.71 
11/13/2015,  58.30 ,  55.45 ,  58.92 ,  57.09 
11/16/2015,  57.55 ,  54.71 ,  57.82 ,  56.02 
11/17/2015,  56.59 ,  53.75 ,  57.70 ,  56.07 
11/18/2015,  56.82 ,  54.03 ,  57.46 ,  55.90 
11/19/2015,  57.40 ,  54.61 ,  57.42 ,  56.16 
11/20/2015,  57.21 ,  54.42 ,  57.15 ,  55.95 
11/23/2015,  56.41 ,  53.62 ,  56.72 ,  55.52 
11/24/2015,  58.46 ,  55.67 ,  58.20 ,  56.97 
11/25/2015,  60.07 ,  57.28 ,  58.23 ,  57.04 
11/26/2015,  59.50 ,  56.71 ,  57.89 ,  56.70 
11/27/2015,  59.02 ,  56.23 ,  56.94 ,  55.75 
11/30/2015,  58.90 ,  56.33 ,  56.90 ,  55.64 
12/1/2015,  58.63 ,  56.06 ,  56.12 ,  54.86 
12/2/2015,  58.28 ,  55.71 ,  55.52 ,  54.21 
12/3/2015,  56.45 ,  53.88 ,  54.29 ,  52.93 
12/4/2015,  57.11 ,  54.54 ,  55.20 ,  53.88 
12/7/2015,  56.27 ,  53.70 ,  53.86 ,  52.55 
12/8/2015,  54.33 ,  51.76 ,  50.92 ,  49.66 
12/9/2015,  54.63 ,  51.92 ,  50.44 ,  49.19 
12/10/2015,  56.02 ,  53.31 ,  50.44 ,  49.17 
12/11/2015,  57.26 ,  54.71 ,  49.14 ,  47.96 
12/14/2015,  57.68 ,  55.25 ,  47.21 ,  45.95 
12/15/2015,  54.79 ,  52.36 ,  45.67 ,  44.34 
12/16/2015,  55.57 ,  52.69 ,  45.72 ,  44.19 
12/17/2015,  55.00 ,  52.12 ,  44.20 ,  42.75 
12/18/2015,  56.45 ,  53.29 ,  44.25 ,  42.91 
12/21/2015,  55.22 ,  52.06 ,  44.40 ,  43.06 
12/22/2015,  53.72 ,  50.56 ,  44.57 ,  43.36 
12/23/2015,  52.62 ,  49.46 ,  44.50 ,  43.27 
12/24/2015,  55.57 ,  52.48 ,  45.54 ,  44.29 
12/28/2015,  54.79 ,  51.70 ,  44.39 ,  43.20 
12/29/2015,  54.08 ,  50.99 ,  44.15 ,  43.10 
12/30/2015,  54.93 ,  51.90 ,  44.48 ,  43.59 
12/31/2015,  55.05 ,  51.98 ,  43.39 ,  42.40 
1/4/2016,  55.70 ,  52.63 ,  43.43 ,  42.31 
1/5/2016,  56.84 ,  53.55 ,  43.23 ,  42.16 
1/6/2016,  54.90 ,  51.77 ,  42.91 ,  41.94 
1/7/2016,  51.13 ,  48.00 ,  39.78 ,  38.85 
1/8/2016,  52.98 ,  49.82 ,  40.61 ,  39.73 
1/11/2016,  51.01 ,  47.91 ,  39.13 ,  38.19 
1/12/2016,  51.31 ,  47.91 ,  37.08 ,  36.03 
1/13/2016,  50.74 ,  47.44 ,  37.02 ,  35.98 
1/14/2016,  49.76 ,  46.46 ,  35.90 ,  34.77 
1/15/2016,  48.95 ,  45.65 ,  36.47 ,  34.94 
1/18/2016,  46.68 ,  43.38 ,  34.44 ,  32.97 
1/19/2016,  48.30 ,  45.05 ,  35.37 ,  33.72 
1/20/2016,  47.02 ,  43.65 ,  33.08 ,  31.21 
1/21/2016,  47.31 ,  43.94 ,  32.24 ,  30.29 
1/22/2016,  49.85 ,  46.48 ,  35.33 ,  33.38 
1/25/2016,  50.16 ,  46.89 ,  37.14 ,  35.18 
1/26/2016,  47.45 ,  44.18 ,  34.48 ,  32.48 
1/27/2016,  48.37 ,  44.49 ,  36.34 ,  34.54 
1/28/2016,  49.11 ,  45.43 ,  38.30 ,  36.49 
1/29/2016,  50.88 ,  47.27 ,  39.25 ,  37.86 
2/1/2016,  49.91 ,  46.39 ,  39.80 ,  37.53 
2/2/2016,  47.34 ,  43.82 ,  38.80 ,  36.64 
2/3/2016,  43.37 ,  39.85 ,  38.74 ,  36.49 
2/4/2016,  46.16 ,  42.64 ,  41.22 ,  39.07 
2/5/2016,  45.26 ,  42.45 ,  40.55 ,  38.27 
2/8/2016,,,,
2/9/2016,,,,
2/10/2016,  39.31 ,  37.16 ,  37.31 ,  35.03 
2/11/2016,  39.97 ,  37.79 ,  36.89 ,  35.11 
2/12/2016,  42.98 ,  39.68 ,  38.70 ,  36.99 
2/15/2016,  45.61 ,  42.45 ,  40.62 ,  39.16 
2/16/2016,  46.41 ,  43.35 ,  42.47 ,  41.02 
2/17/2016,  42.15 ,  39.14 ,  39.64 ,  38.13 
2/18/2016,  43.97 ,  40.96 ,  42.30 ,  40.72 
2/19/2016,  43.11 ,  40.10 ,  41.85 ,  40.28 
2/22/2016,  43.44 ,  40.43 ,  40.88 ,  39.20 
2/23/2016,  43.72 ,  40.71 ,  41.00 ,  39.30 
2/24/2016,  43.32 ,  40.07 ,  39.72 ,  38.10 
2/25/2016,  45.32 ,  42.10 ,  40.85 ,  39.33 
2/26/2016,  48.05 ,  44.67 ,  41.76 ,  40.22 
2/29/2016,  46.30 ,  42.92 ,  41.31 ,  40.14 
3/1/2016,  48.36 ,  44.87 ,  43.13 ,  42.02 
3/2/2016,  47.54 ,  44.05 ,  43.14 ,  42.07 
3/3/2016,  48.06 ,  44.57 ,  43.17 ,  42.19 
3/4/2016,  48.59 ,  44.86 ,  43.56 ,  42.72 
3/7/2016,  50.95 ,  47.32 ,  45.57 ,  44.73 
3/8/2016,  52.30 ,  48.77 ,  47.30 ,  46.52 
3/9/2016,  52.50 ,  49.02 ,  46.75 ,  45.94 
3/10/2016,  54.92 ,  51.55 ,  47.52 ,  46.64 
3/11/2016,  55.21 ,  51.79 ,  47.98 ,  47.15 
3/14/2016,  54.02 ,  50.60 ,  47.25 ,  46.26 
3/15/2016,  52.15 ,  49.10 ,  45.93 ,  44.97 
3/16/2016,  52.34 ,  49.29 ,  46.32 ,  45.33 
3/17/2016,  54.02 ,  50.94 ,  48.68 ,  47.69 
3/18/2016,  54.15 ,  51.11 ,  48.92 ,  47.86 
3/21/2016,  53.62 ,  50.58 ,  48.11 ,  47.08 
3/22/2016,  54.85 ,  51.86 ,  48.33 ,  47.39 
3/23/2016,  55.93 ,  53.10 ,  48.61 ,  47.72 
3/24/2016,  54.16 ,  51.69 ,  47.33 ,  46.41 
3/28/2016,  55.36 ,  52.76 ,  47.20 ,  46.31 
3/29/2016,  54.45 ,  51.68 ,  45.98 ,  45.06 
3/30/2016,  54.45 ,  51.85 ,  45.88 ,  44.99 
3/31/2016,  53.05 ,  50.36 ,  45.25 ,  44.34 
4/1/2016,  52.45 ,  49.62 ,  46.06 ,  44.92 
4/4/2016,  51.14 ,  48.27 ,  43.92 ,  42.59 
4/5/2016,  50.52 ,  47.68 ,  42.49 ,  41.02 
4/6/2016,  51.22 ,  48.29 ,  43.55 ,  41.97 
4/7/2016,  52.20 ,  49.23 ,  46.28 ,  44.68 
4/8/2016,  53.28 ,  50.21 ,  46.66 ,  45.07 
4/11/2016,  54.62 ,  51.55 ,  47.37 ,  45.81 
4/12/2016,  56.20 ,  53.35 ,  49.37 ,  47.68 
4/13/2016,  55.74 ,  52.71 ,  50.48 ,  48.69 
4/14/2016,  55.16 ,  52.42 ,  49.90 ,  48.24 
4/15/2016,  54.35 ,  51.05 ,  49.79 ,  48.12 
4/18/2016,  51.54 ,  48.31 ,  47.78 ,  46.08 
4/19/2016,  52.66 ,  49.37 ,  49.82 ,  48.34 
4/20/2016,  53.48 ,  50.19 ,  49.79 ,  48.34 
4/21/2016,  55.76 ,  52.47 ,  53.24 ,  51.95 
4/22/2016,  55.88 ,  52.57 ,  52.64 ,  51.35 
4/25/2016,  55.91 ,  52.70 ,  52.40 ,  51.12 
4/26/2016,  56.69 ,  53.48 ,  52.55 ,  51.44 
4/27/2016,  59.06 ,  55.85 ,  54.56 ,  53.47 
4/28/2016,  58.81 ,  55.70 ,  55.07 ,  53.99 
4/29/2016,  59.67 ,  56.56 ,  55.98 ,  54.82 
5/2/2016,,,,
5/3/2016,  57.34 ,  54.08 ,  53.54 ,  52.38 
5/4/2016,  56.22 ,  52.96 ,  52.22 ,  50.94 
5/5/2016,  56.58 ,  53.32 ,  53.28 ,  52.00 
5/6/2016,  55.53 ,  52.19 ,  52.24 ,  50.96 
5/9/2016,  56.59 ,  53.09 ,  53.43 ,  52.15 
5/10/2016,  55.43 ,  51.41 ,  52.20 ,  50.81 
5/11/2016,  56.04 ,  52.02 ,  53.65 ,  52.31 
5/12/2016,  59.07 ,  55.80 ,  56.24 ,  54.90 
5/13/2016,  58.57 ,  55.75 ,  55.61 ,  54.35 
5/16/2016,  60.22 ,  57.28 ,  56.87 ,  55.61 
5/17/2016,  60.55 ,  57.69 ,  57.28 ,  56.02 
5/18/2016,  61.02 ,  58.05 ,  57.58 ,  56.22 
5/19/2016,  59.97 ,  57.00 ,  57.10 ,  55.74 
5/20/2016,  60.84 ,  57.87 ,  58.11 ,  56.75 
5/23/2016,  60.33 ,  57.36 ,  57.84 ,  56.49 
5/24/2016,  61.63 ,  58.66 ,  57.52 ,  56.08 
5/25/2016,  62.14 ,  59.22 ,  59.48 ,  58.02 
5/26/2016,  61.94 ,  59.02 ,  59.26 ,  57.96 
5/27/2016,  60.54 ,  57.62 ,  58.17 ,  56.93 
5/30/2016,  61.04 ,  58.12 ,  58.59 ,  57.35 
5/31/2016,  60.88 ,  57.96 ,  59.19 ,  57.92 
6/1/2016,  59.90 ,  57.12 ,  58.59 ,  57.34 
6/2/2016,  60.83 ,  58.18 ,  59.35 ,  58.15 
6/3/2016,  60.59 ,  58.09 ,  59.62 ,  58.46 
6/6/2016,  60.18 ,  57.68 ,  59.15 ,  58.07 
6/7/2016,  59.38 ,  56.84 ,  59.61 ,  58.59 
6/8/2016,  59.63 ,  56.91 ,  61.40 ,  60.32 
6/9/2016,  61.78 ,  58.88 ,  61.66 ,  60.90 
6/10/2016,  61.28 ,  58.41 ,  60.57 ,  59.77 
6/13/2016,  59.40 ,  56.53 ,  59.07 ,  58.29 
6/14/2016,  58.29 ,  55.52 ,  58.59 ,  57.81 
6/15/2016,  57.51 ,  54.75 ,  58.82 ,  57.90 
6/16/2016,  57.15 ,  54.62 ,  57.70 ,  56.76 
6/17/2016,  57.03 ,  54.55 ,  56.83 ,  55.88 
6/20/2016,  58.95 ,  56.55 ,  59.57 ,  58.56 
6/21/2016,  59.88 ,  57.40 ,  59.37 ,  58.36 
6/22/2016,  60.81 ,  58.25 ,  60.01 ,  59.07 
6/23/2016,  59.98 ,  57.63 ,  59.02 ,  58.04 
6/24/2016,  58.23 ,  55.95 ,  57.67 ,  56.71 
6/27/2016,  58.09 ,  55.39 ,  57.43 ,  56.64 
6/28/2016,  56.93 ,  54.23 ,  57.37 ,  56.60 
6/29/2016,  57.49 ,  54.79 ,  58.62 ,  57.87 
6/30/2016,  57.80 ,  55.10 ,  59.72 ,  59.00 
7/1/2016,  56.18 ,  53.41 ,  58.45 ,  57.86 
7/4/2016,  57.39 ,  54.62 ,  59.77 ,  59.14 
7/5/2016,  55.79 ,  53.02 ,  57.85 ,  57.30 
7/6/2016,,,,
7/7/2016,  53.66 ,  51.40 ,  58.50 ,  58.00 
7/8/2016,  50.75 ,  48.49 ,  56.35 ,  55.83 
7/11/2016,  50.02 ,  47.84 ,  55.56 ,  54.99 
7/12/2016,  52.18 ,  49.83 ,  56.19 ,  55.68 
7/13/2016,  52.12 ,  49.77 ,  56.41 ,  55.88 
7/14/2016,  51.90 ,  49.65 ,  54.62 ,  54.06 
7/15/2016,  52.78 ,  50.53 ,  54.27 ,  53.68 
7/18/2016,  53.61 ,  51.22 ,  54.95 ,  54.24 
7/19/2016,  52.05 ,  49.66 ,  54.08 ,  53.38 
7/20/2016,  50.86 ,  48.57 ,  54.60 ,  53.90 
7/21/2016,  51.55 ,  49.26 ,  55.31 ,  54.74 
7/22/2016,  51.04 ,  48.36 ,  53.39 ,  52.77 
7/25/2016,  51.02 ,  48.34 ,  53.55 ,  52.81 
7/26/2016,  49.43 ,  46.83 ,  51.85 ,  51.11 
7/27/2016,  50.16 ,  47.56 ,  51.78 ,  51.08 
7/28/2016,  48.89 ,  46.29 ,  50.94 ,  50.25 
7/29/2016,  47.40 ,  44.78 ,  49.59 ,  48.90 
8/1/2016,  48.59 ,  46.07 ,  50.04 ,  49.37 
8/2/2016,  47.86 ,  45.75 ,  48.14 ,  47.43 
8/3/2016,  47.67 ,  45.41 ,  48.04 ,  47.34 
8/4/2016,  49.57 ,  47.16 ,  49.56 ,  48.84 
8/5/2016,  50.10 ,  47.81 ,  50.59 ,  49.91 
8/8/2016,  50.89 ,  48.53 ,  51.41 ,  50.73 
8/9/2016,,,,
8/10/2016,  50.84 ,  48.16 ,  51.16 ,  50.47 
8/11/2016,  49.35 ,  46.72 ,  50.53 ,  49.84 
8/12/2016,  52.75 ,  50.30 ,  53.54 ,  52.82 
8/15/2016,  54.41 ,  51.53 ,  55.25 ,  54.55 
8/16/2016,  55.91 ,  53.08 ,  56.07 ,  55.47 
8/17/2016,  55.80 ,  52.90 ,  55.99 ,  55.39 
8/18/2016,  57.44 ,  54.75 ,  57.64 ,  57.06 
8/19/2016,  57.95 ,  55.02 ,  58.27 ,  57.74 
8/22/2016,  57.82 ,  54.89 ,  57.93 ,  57.38 
8/23/2016,  56.27 ,  53.65 ,  56.52 ,  56.01 
8/24/2016,  57.16 ,  54.35 ,  56.83 ,  56.33 
8/25/2016,  57.60 ,  54.85 ,  56.48 ,  56.04 
8/26/2016,  59.00 ,  56.25 ,  56.78 ,  56.33 
8/29/2016,  59.55 ,  56.89 ,  56.33 ,  55.84 
8/30/2016,  59.20 ,  56.25 ,  56.96 ,  56.45 
8/31/2016,  57.35 ,  54.30 ,  55.56 ,  55.12 
9/1/2016,  56.65 ,  53.70 ,  54.12 ,  53.61 
9/2/2016,  55.15 ,  52.36 ,  52.83 ,  52.40 
9/5/2016,  57.74 ,  54.95 ,  55.83 ,  55.32 
9/6/2016,  56.71 ,  53.92 ,  54.73 ,  54.15 
9/7/2016,  57.35 ,  54.64 ,  55.16 ,  54.68 
9/8/2016,  59.77 ,  57.10 ,  56.39 ,  55.96 
9/9/2016,  60.43 ,  57.76 ,  56.82 ,  56.49 
9/12/2016,,,,
9/13/2016,  58.42 ,  55.61 ,  55.24 ,  54.80 
9/14/2016,  58.20 ,  55.31 ,  55.38 ,  54.90 
9/15/2016,  57.35 ,  54.67 ,  53.59 ,  53.08 
9/16/2016,  58.39 ,  55.71 ,  54.17 ,  53.58 
9/19/2016,  58.40 ,  55.80 ,  54.68 ,  53.98 
9/20/2016,  56.63 ,  54.28 ,  53.65 ,  52.84 
9/21/2016,  57.95 ,  55.86 ,  55.17 ,  54.38 
9/22/2016,  58.40 ,  56.31 ,  55.63 ,  54.82 
9/23/2016,  58.55 ,  55.95 ,  55.97 ,  55.17 
9/26/2016,  56.95 ,  54.50 ,  54.52 ,  53.59 
9/27/2016,  57.65 ,  55.60 ,  55.71 ,  54.79 
9/28/2016,  58.24 ,  55.50 ,  55.16 ,  54.24 
9/29/2016,  60.20 ,  57.45 ,  57.47 ,  56.76 
9/30/2016,  59.93 ,  57.12 ,  58.01 ,  57.41 
10/3/2016,  59.93 ,  57.55 ,  59.87 ,  59.16 
10/4/2016,  60.05 ,  57.83 ,  59.35 ,  58.60 
10/5/2016,  61.77 ,  59.54 ,  61.19 ,  60.44 
10/6/2016,  60.87 ,  58.50 ,  60.98 ,  60.26 
10/7/2016,  62.23 ,  59.86 ,  62.24 ,  61.52 
10/10/2016,  61.47 ,  59.10 ,  61.14 ,  60.39 
10/11/2016,  62.48 ,  60.11 ,  62.38 ,  61.62 
10/12/2016,  62.92 ,  60.44 ,  62.87 ,  62.20 
10/13/2016,  62.07 ,  59.54 ,  62.02 ,  61.53 
10/14/2016,  63.77 ,  60.66 ,  62.51 ,  62.18 
10/17/2016,  63.54 ,  60.21 ,  61.48 ,  61.28 
10/18/2016,  63.97 ,  60.64 ,  61.64 ,  61.48 
10/19/2016,  64.66 ,  61.34 ,  62.52 ,  62.30 
10/20/2016,  64.55 ,  61.15 ,  62.20 ,  62.05 
10/21/2016,  64.17 ,  60.75 ,  61.70 ,  61.50 
10/24/2016,  65.36 ,  61.94 ,  62.57 ,  62.34 
10/25/2016,  65.32 ,  61.53 ,  62.83 ,  62.58 
10/26/2016,  63.90 ,  60.11 ,  61.09 ,  60.88 
10/27/2016,  64.45 ,  60.76 ,  61.53 ,  61.38 
10/28/2016,  63.84 ,  60.50 ,  61.60 ,  61.30 
10/31/2016,  62.27 ,  59.70 ,  61.16 ,  60.93 
11/1/2016,  63.36 ,  60.89 ,  60.51 ,  60.28 
11/2/2016,  60.03 ,  57.74 ,  58.33 ,  58.16 
11/3/2016,  59.26 ,  56.96 ,  57.67 ,  57.49 
11/4/2016,  59.04 ,  56.34 ,  56.96 ,  56.88 
11/7/2016,  58.18 ,  55.37 ,  56.70 ,  56.64 
11/8/2016,  57.73 ,  54.92 ,  56.40 ,  56.34 
11/9/2016,  57.52 ,  54.71 ,  56.09 ,  56.00 
11/10/2016,  58.44 ,  55.81 ,  57.04 ,  56.94 
11/11/2016,  57.88 ,  55.25 ,  56.25 ,  56.19 
11/14/2016,  56.35 ,  53.73 ,  55.22 ,  55.10 
11/15/2016,  55.96 ,  53.56 ,  54.95 ,  54.82 
11/16/2016,  57.66 ,  55.04 ,  56.41 ,  56.14 
11/17/2016,  57.84 ,  55.44 ,  56.10 ,  55.87 
11/18/2016,  57.68 ,  55.44 ,  55.52 ,  55.27 
11/21/2016,  59.37 ,  57.13 ,  57.35 ,  57.09 
11/22/2016,  61.16 ,  58.78 ,  58.75 ,  58.52 
11/23/2016,  60.94 ,  58.62 ,  59.01 ,  58.71 
11/24/2016,  61.27 ,  58.95 ,  58.57 ,  58.11 
11/25/2016,  60.59 ,  58.27 ,  58.59 ,  57.99 
11/28/2016,  58.43 ,  56.07 ,  55.93 ,  55.26 
11/29/2016,  59.82 ,  57.46 ,  57.58 ,  56.88 
11/30/2016,  58.53 ,  56.40 ,  57.11 ,  56.47 
12/1/2016,  62.12 ,  59.99 ,  59.80 ,  58.54 
12/2/2016,  63.95 ,  62.19 ,  62.00 ,  60.64 
12/5/2016,  65.30 ,  63.15 ,  63.13 ,  61.91 
12/6/2016,  65.43 ,  63.28 ,  62.80 ,  61.63 
12/7/2016,  64.34 ,  62.48 ,  62.00 ,  60.91 
12/8/2016,  63.86 ,  62.00 ,  62.20 ,  61.10 
12/9/2016,  65.31 ,  63.00 ,  63.06 ,  61.97 
12/12/2016,  67.68 ,  65.18 ,  65.92 ,  64.93 
12/13/2016,  66.46 ,  63.84 ,  64.45 ,  63.57 
12/14/2016,  66.12 ,  63.69 ,  64.07 ,  62.97 
12/15/2016,  66.10 ,  63.61 ,  63.59 ,  62.40 
12/16/2016,  65.77 ,  62.98 ,  63.78 ,  62.57 
12/19/2016,  67.64 ,  64.75 ,  65.48 ,  64.17 
12/20/2016,  66.88 ,  64.00 ,  64.76 ,  63.40 
12/21/2016,  68.14 ,  65.32 ,  65.43 ,  64.05 
12/22/2016,  68.43 ,  65.61 ,  64.15 ,  62.63 
12/23/2016,  68.11 ,  65.76 ,  64.59 ,  63.04 
12/27/2016,  68.87 ,  66.66 ,  65.41 ,  63.82 
12/28/2016,  69.43 ,  67.22 ,  66.98 ,  65.38 
12/29/2016,  70.04 ,  68.08 ,  67.36 ,  65.94 
12/30/2016,  70.70 ,  68.01 ,  67.17 ,  65.81 
1/3/2017,  70.86 ,  68.17 ,  67.73 ,  66.37 
1/4/2017,  69.86 ,  67.17 ,  66.76 ,  65.50 
1/5/2017,  70.35 ,  67.49 ,  66.59 ,  65.51 
1/6/2017,  70.03 ,  67.01 ,  67.21 ,  66.24 
1/9/2017,  69.69 ,  66.63 ,  67.08 ,  66.12 
1/10/2017,  67.79 ,  64.87 ,  65.58 ,  64.71 
1/11/2017,  66.70 ,  64.28 ,  64.28 ,  63.40 
1/12/2017,  68.97 ,  66.38 ,  66.12 ,  65.32 
1/13/2017,  70.65 ,  67.85 ,  66.23 ,  65.59 
1/16/2017,  69.84 ,  66.77 ,  65.48 ,  64.90 
1/17/2017,  70.24 ,  67.54 ,  65.81 ,  65.21 
1/18/2017,  70.45 ,  67.79 ,  65.78 ,  65.10 
1/19/2017,  68.83 ,  66.30 ,  64.80 ,  64.07 
1/20/2017,  68.89 ,  66.05 ,  64.71 ,  63.95 
1/23/2017,  69.45 ,  66.55 ,  65.60 ,  64.71 
1/24/2017,  69.78 ,  67.31 ,  66.07 ,  65.15 
1/25/2017,  68.92 ,  66.45 ,  65.76 ,  64.93 
1/26/2017,  69.28 ,  66.81 ,  66.32 ,  65.48 
1/27/2017,  70.12 ,  67.45 ,  66.80 ,  65.85 
1/30/2017,,,,
1/31/2017,  69.30 ,  66.63 ,  65.78 ,  64.78 
2/1/2017,  71.03 ,  68.04 ,  66.11 ,  65.15 
2/2/2017,  71.95 ,  69.19 ,  67.71 ,  66.77 
2/3/2017,  70.57 ,  68.07 ,  67.87 ,  66.89 
2/6/2017,  71.17 ,  68.53 ,  68.21 ,  67.16 
2/7/2017,  69.92 ,  67.20 ,  67.28 ,  66.26 
2/8/2017,  69.00 ,  66.28 ,  66.85 ,  65.87 
2/9/2017,  71.14 ,  68.42 ,  67.43 ,  66.52 
2/10/2017,  71.61 ,  68.89 ,  67.09 ,  66.41 
2/13/2017,  72.00 ,  69.28 ,  67.89 ,  67.30 
2/14/2017,  71.34 ,  68.62 ,  66.91 ,  66.31 
2/15/2017,  70.99 ,  68.36 ,  66.76 ,  66.24 
2/16/2017,  70.74 ,  68.61 ,  67.23 ,  66.71 
2/17/2017,  68.17 ,  66.45 ,  67.13 ,  66.64 
2/20/2017,  69.05 ,  67.27 ,  67.71 ,  67.27 
2/21/2017,  69.20 ,  67.45 ,  67.68 ,  67.24 
2/22/2017,  67.15 ,  65.37 ,  67.56 ,  67.21 
2/23/2017,  68.14 ,  66.54 ,  67.97 ,  67.58 
2/24/2017,  68.56 ,  66.51 ,  67.55 ,  67.21 
2/27/2017,  68.88 ,  66.82 ,  67.97 ,  67.52 
2/28/2017,  67.68 ,  65.47 ,  67.44 ,  67.03 
3/1/2017,  66.78 ,  64.81 ,  67.43 ,  67.24 
3/2/2017,  65.39 ,  63.46 ,  66.86 ,  66.75 
3/3/2017,  65.13 ,  63.07 ,  66.00 ,  65.88 
3/6/2017,  64.69 ,  62.83 ,  65.95 ,  65.88 
3/7/2017,  66.53 ,  64.36 ,  66.63 ,  66.56 
3/8/2017,  66.95 ,  64.70 ,  66.19 ,  66.12 
3/9/2017,  65.60 ,  63.43 ,  64.51 ,  64.41 
3/10/2017,  64.60 ,  61.96 ,  62.90 ,  62.82 
3/13/2017,  63.19 ,  60.50 ,  61.85 ,  61.76 
3/14/2017,  62.64 ,  60.33 ,  61.67 ,  61.56 
3/15/2017,  62.37 ,  60.67 ,  61.98 ,  61.85 
3/16/2017,  63.09 ,  61.16 ,  62.48 ,  62.29 
3/17/2017,  62.95 ,  60.75 ,  61.70 ,  61.53 
3/20/2017,  62.75 ,  60.55 ,  61.69 ,  61.50 
3/21/2017,  63.75 ,  61.55 ,  62.17 ,  61.97 
3/22/2017,  62.95 ,  60.60 ,  60.79 ,  60.62 
3/23/2017,  63.30 ,  60.95 ,  60.54 ,  60.35 
3/24/2017,  63.03 ,  60.25 ,  60.44 ,  60.17 
3/27/2017,  62.76 ,  59.98 ,  60.58 ,  60.21 
3/28/2017,  63.52 ,  60.74 ,  61.44 ,  61.08 
3/29/2017,  64.70 ,  61.92 ,  62.35 ,  62.02 
3/30/2017,  65.60 ,  62.82 ,  62.83 ,  62.42 
3/31/2017,  66.27 ,  63.27 ,  63.13 ,  62.72 
4/3/2017,  67.19 ,  64.19 ,  63.75 ,  63.34 
4/4/2017,  66.91 ,  63.94 ,  62.91 ,  62.60 
4/5/2017,  68.32 ,  65.39 ,  64.80 ,  64.46 
4/6/2017,  67.89 ,  64.83 ,  64.82 ,  64.43 
4/7/2017,  69.05 ,  66.08 ,  66.02 ,  65.75 
4/10/2017,  68.55 ,  65.65 ,  66.08 ,  65.72 
4/11/2017,  69.24 ,  66.34 ,  66.70 ,  66.36 
4/12/2017,  70.06 ,  67.58 ,  67.51 ,  67.17 
4/13/2017,  69.71 ,  66.78 ,  67.18 ,  66.94 
4/17/2017,  68.90 ,  66.36 ,  66.56 ,  66.35 
4/18/2017,  68.73 ,  66.23 ,  66.21 ,  65.98 
4/19/2017,  68.60 ,  66.03 ,  66.21 ,  65.97 
4/20/2017,  67.44 ,  64.65 ,  64.81 ,  64.42 
4/21/2017,  67.87 ,  64.85 ,  64.61 ,  64.20 
4/24/2017,  66.66 ,  63.92 ,  64.54 ,  64.18 
4/25/2017,  65.79 ,  62.93 ,  63.59 ,  63.13 
4/26/2017,  65.51 ,  62.67 ,  63.55 ,  63.20 
4/27/2017,  64.24 ,  61.21 ,  62.87 ,  62.55 
4/28/2017,  64.60 ,  61.73 ,  62.65 ,  62.39 
5/1/2017,,,,
5/2/2017,  63.55 ,  60.60 ,  61.70 ,  61.43 
5/3/2017,  63.10 ,  59.94 ,  60.79 ,  60.42 
5/4/2017,  62.03 ,  58.97 ,  59.67 ,  59.26 
5/5/2017,  60.55 ,  57.76 ,  58.39 ,  58.00 
5/8/2017,  61.75 ,  58.90 ,  59.32 ,  59.02 
5/9/2017,  62.65 ,  59.74 ,  59.51 ,  59.24 
5/10/2017,,,,
5/11/2017,  64.26 ,  61.35 ,  61.04 ,  60.68 
5/12/2017,  64.04 ,  61.13 ,  60.67 ,  60.26 
5/15/2017,  65.45 ,  62.54 ,  61.86 ,  61.38 
5/16/2017,  64.81 ,  61.90 ,  61.54 ,  61.06 
5/17/2017,  64.70 ,  61.79 ,  61.15 ,  60.60 
5/18/2017,  64.97 ,  62.06 ,  62.18 ,  61.30 
5/19/2017,  65.99 ,  63.67 ,  63.55 ,  62.68 
5/22/2017,  66.80 ,  64.48 ,  64.44 ,  63.58 
5/23/2017,  66.13 ,  63.61 ,  63.95 ,  63.12 
5/24/2017,  66.94 ,  64.42 ,  64.78 ,  63.97 
5/25/2017,  66.49 ,  63.68 ,  64.76 ,  64.01 
5/26/2017,  64.72 ,  62.03 ,  62.28 ,  61.44 
5/29/2017,  65.00 ,  62.31 ,  62.39 ,  61.53 
5/30/2017,  64.92 ,  62.23 ,  62.28 ,  61.29 
5/31/2017,  64.72 ,  62.03 ,  61.68 ,  60.69 
6/1/2017,  64.45 ,  62.08 ,  61.30 ,  60.30 
6/2/2017,  62.53 ,  60.42 ,  59.48 ,  58.63 
6/5/2017,  62.89 ,  60.68 ,  60.07 ,  59.09 
6/6/2017,  62.00 ,  59.88 ,  59.10 ,  58.15 
6/7/2017,  62.51 ,  60.03 ,  59.19 ,  58.27 
6/8/2017,  61.23 ,  58.85 ,  58.36 ,  57.44 
6/9/2017,  60.70 ,  58.20 ,  57.69 ,  56.87 
6/12/2017,  60.85 ,  58.52 ,  58.56 ,  57.72 
6/13/2017,  60.56 ,  58.14 ,  58.81 ,  57.99 
6/14/2017,  59.62 ,  57.28 ,  58.82 ,  57.95 
6/15/2017,  57.76 ,  55.42 ,  57.56 ,  56.85 
6/16/2017,  58.22 ,  56.35 ,  58.15 ,  57.42 
6/19/2017,  58.15 ,  55.94 ,  58.15 ,  57.35 
6/20/2017,  58.07 ,  56.07 ,  58.00 ,  57.21 
6/21/2017,  56.78 ,  54.63 ,  56.67 ,  55.93 
6/22/2017,  56.36 ,  54.00 ,  55.59 ,  54.85 
6/23/2017,  58.29 ,  55.41 ,  56.28 ,  55.54 
6/26/2017,,,,
6/27/2017,  58.16 ,  55.42 ,  57.10 ,  56.31 
6/28/2017,  58.05 ,  55.11 ,  57.88 ,  57.03 
6/29/2017,  59.81 ,  56.75 ,  59.56 ,  58.74 
6/30/2017,  59.58 ,  56.38 ,  59.70 ,  58.89 
7/3/2017,  60.35 ,  57.50 ,  60.96 ,  60.20 
7/4/2017,  61.17 ,  58.32 ,  62.18 ,  61.29 
7/5/2017,  61.16 ,  58.35 ,  62.86 ,  61.93 
7/6/2017,  60.44 ,  58.09 ,  61.82 ,  61.12 
7/7/2017,  60.30 ,  57.39 ,  59.95 ,  59.28 
7/10/2017,  59.54 ,  56.72 ,  58.94 ,  58.33 
7/11/2017,  59.14 ,  56.77 ,  58.99 ,  58.52 
7/12/2017,  61.02 ,  58.41 ,  60.64 ,  60.21 
7/13/2017,  59.70 ,  56.93 ,  59.16 ,  58.84 
7/14/2017,  60.55 ,  57.57 ,  60.32 ,  60.04 
7/17/2017,  61.85 ,  58.76 ,  60.81 ,  60.65 
7/18/2017,  61.32 ,  58.33 ,  60.19 ,  60.00 
7/19/2017,  61.88 ,  59.10 ,  60.33 ,  60.18 
7/20/2017,  63.41 ,  60.71 ,  62.35 ,  62.08 
7/21/2017,  63.80 ,  61.23 ,  62.28 ,  61.97 
7/24/2017,  61.37 ,  58.66 ,  60.57 ,  60.24 
7/25/2017,  61.58 ,  58.99 ,  61.20 ,  60.92 
7/26/2017,  63.29 ,  60.61 ,  63.25 ,  62.94 
7/27/2017,  63.38 ,  61.38 ,  64.20 ,  63.82 
7/28/2017,  65.21 ,  62.54 ,  64.43 ,  64.03 
7/31/2017,  66.28 ,  63.54 ,  65.87 ,  65.42 
8/1/2017,  67.15 ,  64.32 ,  66.20 ,  65.77 
8/2/2017,  65.83 ,  63.22 ,  64.87 ,  64.30 
8/3/2017,  66.25 ,  63.42 ,  65.25 ,  64.69 
8/4/2017,  66.20 ,  63.36 ,  64.02 ,  63.41 
8/7/2017,  66.86 ,  64.24 ,  64.39 ,  63.49 
8/8/2017,  67.67 ,  64.76 ,  64.78 ,  63.79 
8/9/2017,,,,
8/10/2017,  67.87 ,  64.96 ,  65.59 ,  64.56 
8/11/2017,  67.01 ,  64.10 ,  63.84 ,  62.95 
8/14/2017,  67.52 ,  64.61 ,  64.68 ,  63.83 
8/15/2017,  66.67 ,  63.66 ,  63.32 ,  62.50 
8/16/2017,  67.25 ,  64.24 ,  63.64 ,  62.74 
8/17/2017,  66.11 ,  63.16 ,  62.02 ,  61.15 
8/18/2017,  67.27 ,  64.74 ,  62.70 ,  61.85 
8/21/2017,  68.39 ,  65.66 ,  63.92 ,  63.15 
8/22/2017,  67.57 ,  65.15 ,  63.06 ,  62.37 
8/23/2017,  66.41 ,  64.20 ,  62.96 ,  62.32 
8/24/2017,  67.83 ,  64.92 ,  64.41 ,  63.86 
8/25/2017,  68.02 ,  65.51 ,  64.84 ,  64.08 
8/28/2017,  68.93 ,  65.71 ,  64.90 ,  64.05 
8/29/2017,  67.73 ,  65.03 ,  64.55 ,  63.55 
8/30/2017,  69.78 ,  67.18 ,  65.41 ,  64.41 
8/31/2017,  69.83 ,  67.27 ,  65.12 ,  64.23 
9/1/2017,,,,
9/4/2017,  70.36 ,  67.64 ,  66.78 ,  66.21 
9/5/2017,  70.48 ,  67.53 ,  67.33 ,  66.74 
9/6/2017,  70.95 ,  67.73 ,  68.38 ,  67.78 
9/7/2017,  70.46 ,  67.24 ,  69.47 ,  68.84 
9/8/2017,  71.07 ,  67.85 ,  69.99 ,  69.37 
9/11/2017,  70.44 ,  67.22 ,  68.35 ,  67.83 
9/12/2017,  70.19 ,  66.97 ,  67.53 ,  67.16 
9/13/2017,  70.61 ,  67.39 ,  67.92 ,  67.48 
9/14/2017,  70.96 ,  67.74 ,  68.87 ,  68.43 
9/15/2017,  70.99 ,  67.77 ,  68.71 ,  68.28 
9/18/2017,  71.23 ,  68.15 ,  68.91 ,  68.25 
9/19/2017,  70.55 ,  67.47 ,  69.05 ,  68.26 
9/20/2017,  69.84 ,  66.93 ,  69.33 ,  68.35 
9/21/2017,  69.34 ,  66.63 ,  69.80 ,  68.73 
9/22/2017,  69.83 ,  67.12 ,  70.14 ,  68.81 
9/25/2017,  70.20 ,  67.65 ,  69.82 ,  68.33 
9/26/2017,  71.78 ,  69.28 ,  71.42 ,  70.06 
9/27/2017,  70.83 ,  68.23 ,  71.68 ,  70.23 
9/28/2017,  69.93 ,  67.24 ,  71.52 ,  70.04 
9/29/2017,  70.59 ,  67.85 ,  71.93 ,  70.37 
10/2/2017,  69.19 ,  66.45 ,  71.03 ,  69.39 
10/3/2017,  68.02 ,  65.15 ,  69.40 ,  67.61 
10/4/2017,  67.88 ,  65.01 ,  68.43 ,  66.52 
10/5/2017,  69.65 ,  66.78 ,  69.85 ,  67.87 
10/6/2017,  70.16 ,  67.29 ,  70.67 ,  68.64 
10/9/2017,  68.06 ,  65.19 ,  68.74 ,  66.82 
10/10/2017,  68.98 ,  66.11 ,  68.91 ,  66.95 
10/11/2017,  69.28 ,  66.41 ,  69.89 ,  67.94 
10/12/2017,  69.48 ,  66.61 ,  69.75 ,  67.84 
10/13/2017,  69.91 ,  67.04 ,  70.32 ,  68.58 
10/16/2017,  71.19 ,  68.32 ,  70.89 ,  69.15 
10/17/2017,  71.22 ,  68.35 ,  71.20 ,  69.41 
10/18/2017,,,,
10/19/2017,  70.34 ,  67.73 ,  69.89 ,  68.22 
10/20/2017,  69.87 ,  67.37 ,  69.28 ,  67.76 
10/23/2017,  70.20 ,  67.70 ,  70.41 ,  68.90 
10/24/2017,  69.36 ,  66.86 ,  69.55 ,  68.04 
10/25/2017,  71.05 ,  68.55 ,  70.79 ,  69.57 
10/26/2017,  71.10 ,  68.60 ,  70.30 ,  69.07 
10/27/2017,  71.91 ,  69.32 ,  71.38 ,  70.22 
10/30/2017,  73.16 ,  70.57 ,  72.32 ,  71.21 
10/31/2017,  72.76 ,  70.05 ,  72.25 ,  71.17 
11/1/2017,  74.97 ,  71.88 ,  73.11 ,  72.05 
11/2/2017,  73.49 ,  70.91 ,  71.60 ,  70.45 
11/3/2017,  73.84 ,  71.46 ,  71.21 ,  70.09 
11/6/2017,  75.78 ,  72.94 ,  72.82 ,  71.75 
11/7/2017,  77.45 ,  74.61 ,  74.70 ,  73.52 
11/8/2017,  76.67 ,  73.90 ,  73.98 ,  72.74 
11/9/2017,  76.82 ,  74.05 ,  73.86 ,  72.64 
11/10/2017,  77.35 ,  74.58 ,  74.56 ,  73.33 
11/13/2017,  77.13 ,  74.48 ,  74.26 ,  72.96 
11/14/2017,  76.03 ,  73.70 ,  74.34 ,  73.04 
11/15/2017,  74.27 ,  71.94 ,  73.21 ,  72.00 
11/16/2017,  74.54 ,  72.20 ,  73.97 ,  72.97 
11/17/2017,  74.09 ,  71.44 ,  73.46 ,  72.61 
11/20/2017,  75.37 ,  72.82 ,  74.77 ,  74.09 
11/21/2017,  75.18 ,  72.75 ,  74.93 ,  74.28 
11/22/2017,  76.04 ,  73.41 ,  75.59 ,  74.98 
11/23/2017,  75.54 ,  72.91 ,  74.79 ,  74.26 
11/24/2017,  76.12 ,  73.74 ,  75.35 ,  74.81 
11/27/2017,  75.97 ,  73.64 ,  74.86 ,  74.40 
11/28/2017,  76.53 ,  73.92 ,  75.11 ,  74.61 
11/29/2017,  75.93 ,  73.32 ,  74.71 ,  74.21 
11/30/2017,  75.65 ,  73.18 ,  74.06 ,  73.46 
12/1/2017,  75.82 ,  73.35 ,  73.94 ,  73.34 
12/4/2017,  75.55 ,  73.08 ,  74.70 ,  74.10 
12/5/2017,  74.57 ,  72.10 ,  73.62 ,  73.02 
12/6/2017,  74.88 ,  72.55 ,  74.54 ,  73.84 
12/7/2017,  73.80 ,  71.60 ,  73.07 ,  72.48 
12/8/2017,  74.75 ,  72.55 ,  74.55 ,  73.94 
12/11/2017,  75.17 ,  72.97 ,  75.32 ,  74.67 
12/12/2017,  77.32 ,  75.05 ,  77.22 ,  76.59 
12/13/2017,  76.00 ,  73.78 ,  76.05 ,  75.41 
12/14/2017,  74.39 ,  72.51 ,  74.78 ,  74.18 
12/15/2017,  75.30 ,  73.42 ,  75.30 ,  74.68 
12/18/2017,  74.95 ,  73.07 ,  75.28 ,  74.69 
12/19/2017,  74.54 ,  72.99 ,  75.82 ,  75.28 
12/20/2017,  75.04 ,  73.02 ,  76.22 ,  75.81 
12/21/2017,  74.95 ,  72.89 ,  76.48 ,  76.10 
12/22/2017,  75.39 ,  73.33 ,  76.84 ,  76.34 
12/26/2017,  75.51 ,  73.45 ,  77.27 ,  76.77 
12/27/2017,  76.51 ,  74.45 ,  78.84 ,  78.27 
12/28/2017,  76.42 ,  74.36 ,  78.59 ,  78.00 
12/29/2017,  76.44 ,  74.61 ,  79.35 ,  78.70 
1/2/2018,  76.49 ,  74.43 ,  79.60 ,  78.72 
1/3/2018,  75.39 ,  73.46 ,  79.56 ,  78.58 
1/4/2018,  76.66 ,  74.98 ,  81.09 ,  80.00 
1/5/2018,  76.60 ,  74.92 ,  80.89 ,  79.63 
1/8/2018,  76.48 ,  74.81 ,  80.41 ,  79.15 
1/9/2018,  77.40 ,  75.73 ,  80.43 ,  79.24 
1/10/2018,  79.21 ,  77.35 ,  81.51 ,  80.18 
1/11/2018,  78.90 ,  77.04 ,  81.64 ,  80.18 
1/12/2018,  78.06 ,  76.20 ,  81.73 ,  80.27 
1/15/2018,  79.19 ,  77.19 ,  82.34 ,  80.98 
1/16/2018,  79.00 ,  76.99 ,  82.61 ,  81.25 
1/17/2018,  78.34 ,  76.48 ,  82.15 ,  80.82 
1/18/2018,  78.92 ,  76.98 ,  82.01 ,  80.65 
1/19/2018,  78.66 ,  76.55 ,  81.10 ,  79.84 
1/22/2018,  79.08 ,  76.97 ,  81.48 ,  80.35 
1/23/2018,  79.38 ,  77.13 ,  81.96 ,  81.11 
1/24/2018,  79.88 ,  77.62 ,  82.74 ,  81.96 
1/25/2018,  80.73 ,  78.79 ,  84.27 ,  83.54 
1/26/2018,  80.41 ,  78.47 ,  83.85 ,  83.19 
1/29/2018,  81.82 ,  79.31 ,  84.36 ,  83.64 
1/30/2018,  80.82 ,  78.11 ,  82.65 ,  81.87 
1/31/2018,  79.97 ,  77.14 ,  82.03 ,  81.25 
2/1/2018,  81.60 ,  78.49 ,  82.73 ,  82.04 
2/2/2018,  82.86 ,  79.85 ,  83.68 ,  82.97 
2/5/2018,  80.50 ,  77.45 ,  81.12 ,  80.37 
2/6/2018,  78.79 ,  76.12 ,  80.13 ,  79.46 
2/7/2018,  78.67 ,  76.00 ,  79.98 ,  79.30 
2/8/2018,  76.53 ,  73.58 ,  77.58 ,  76.93 
2/9/2018,  76.20 ,  73.25 ,  76.79 ,  76.11 
2/12/2018,  75.33 ,  72.38 ,  75.50 ,  74.83 
2/13/2018,  73.77 ,  70.86 ,  74.62 ,  73.99 
2/14/2018,  73.00 ,  70.09 ,  73.54 ,  72.96 
2/15/2018,  74.96 ,  72.26 ,  75.83 ,  75.37 
2/16/2018,,,,
2/19/2018,  75.62 ,  72.80 ,  76.67 ,  76.23 
2/20/2018,  76.10 ,  73.28 ,  76.89 ,  76.42 
2/21/2018,  74.82 ,  72.00 ,  76.22 ,  75.75 
2/22/2018,  75.23 ,  72.41 ,  76.61 ,  76.05 
2/23/2018,  76.15 ,  73.39 ,  77.85 ,  77.29 
2/26/2018,  77.47 ,  74.76 ,  79.33 ,  78.77 
2/27/2018,  77.77 ,  75.06 ,  79.66 ,  79.11 
2/28/2018,  77.50 ,  75.01 ,  78.43 ,  77.82 
3/1/2018,  76.26 ,  73.65 ,  76.41 ,  75.88 
3/2/2018,  75.04 ,  72.43 ,  75.18 ,  74.73 
3/5/2018,  75.86 ,  73.25 ,  76.06 ,  75.66 
3/6/2018,  76.06 ,  73.55 ,  75.97 ,  75.56 
3/7/2018,  75.90 ,  73.17 ,  76.38 ,  75.85 
3/8/2018,  75.00 ,  72.27 ,  76.50 ,  75.84 
3/9/2018,  74.35 ,  71.53 ,  75.99 ,  75.31 
3/12/2018,  75.42 ,  72.60 ,  77.27 ,  76.60 
3/13/2018,  75.21 ,  72.39 ,  76.62 ,  75.99 
3/14/2018,  74.80 ,  71.80 ,  76.86 ,  76.09 
3/15/2018,  75.39 ,  72.59 ,  77.24 ,  76.47 
3/16/2018,  75.87 ,  73.07 ,  77.31 ,  76.55 
3/19/2018,  76.62 ,  73.82 ,  78.13 ,  77.39 
3/20/2018,  77.15 ,  74.07 ,  78.80 ,  78.05 
3/21/2018,  78.45 ,  75.07 ,  79.71 ,  78.96 
3/22/2018,  79.75 ,  76.57 ,  81.21 ,  80.48 
3/23/2018,  80.49 ,  77.08 ,  81.04 ,  80.28 
3/26/2018,  80.90 ,  77.75 ,  81.90 ,  81.19 
3/27/2018,  80.72 ,  77.72 ,  82.63 ,  81.89 
3/28/2018,  80.15 ,  77.31 ,  82.29 ,  81.63 
3/29/2018,  80.50 ,  77.66 ,  82.39 ,  81.73 
4/2/2018,  80.84 ,  78.00 ,  83.45 ,  82.71 
4/3/2018,  79.04 ,  76.20 ,  81.88 ,  81.19 
4/4/2018,  78.42 ,  75.71 ,  81.23 ,  80.60 
4/5/2018,  79.52 ,  76.40 ,  81.12 ,  80.47 
4/6/2018,  78.92 ,  75.80 ,  80.69 ,  80.05 
4/9/2018,  78.47 ,  75.35 ,  80.56 ,  79.95 
4/10/2018,  80.33 ,  77.11 ,  82.42 ,  81.88 
4/11/2018,  80.82 ,  77.60 ,  83.72 ,  83.21 
4/12/2018,  82.08 ,  78.65 ,  85.12 ,  84.67 
4/13/2018,  82.23 ,  78.70 ,  84.86 ,  84.47 
4/16/2018,  80.86 ,  77.46 ,  84.06 ,  83.64 
4/17/2018,  80.76 ,  77.59 ,  83.88 ,  83.40 
4/18/2018,  81.45 ,  78.28 ,  84.38 ,  83.96 
4/19/2018,  82.72 ,  79.74 ,  86.33 ,  85.90 
4/20/2018,  82.06 ,  79.32 ,  86.02 ,  85.53 
4/23/2018,  83.17 ,  80.21 ,  86.01 ,  85.50 
4/24/2018,  84.78 ,  81.83 ,  87.11 ,  86.61 
4/25/2018,  83.34 ,  80.52 ,  86.39 ,  85.66 
4/26/2018,  83.22 ,  80.45 ,  86.91 ,  86.09 
4/27/2018,  84.21 ,  81.24 ,  87.20 ,  86.44 
4/30/2018,  83.82 ,  80.90 ,  86.58 ,  85.81 
5/1/2018,,,,
5/2/2018,  83.25 ,  80.68 ,  86.66 ,  85.79 
5/3/2018,  82.44 ,  80.16 ,  86.65 ,  85.78 
5/4/2018,  82.20 ,  80.13 ,  86.17 ,  85.32 
5/7/2018,  83.89 ,  81.89 ,  88.56 ,  87.80 
5/8/2018,  83.66 ,  81.59 ,  88.45 ,  87.62 
5/9/2018,  86.18 ,  83.81 ,  90.06 ,  89.18 
5/10/2018,  87.17 ,  84.78 ,  90.47 ,  89.54 
5/11/2018,  87.24 ,  85.04 ,  90.48 ,  89.45 
5/14/2018,  86.67 ,  84.46 ,  90.20 ,  89.14 
5/15/2018,  88.26 ,  85.95 ,  91.91 ,  90.85 
5/16/2018,  89.03 ,  86.72 ,  91.38 ,  90.22 
5/17/2018,  92.25 ,  89.42 ,  93.14 ,  92.04 
5/18/2018,  91.75 ,  89.26 ,  93.58 ,  92.46 
5/21/2018,  91.01 ,  88.73 ,  92.89 ,  91.88 
5/22/2018,  91.96 ,  89.78 ,  93.28 ,  92.25 
5/23/2018,  90.82 ,  88.64 ,  92.52 ,  91.43 
5/24/2018,  91.04 ,  88.81 ,  93.11 ,  92.04 
5/25/2018,  89.74 ,  87.60 ,  91.69 ,  90.66 
5/28/2018,  87.01 ,  84.65 ,  89.33 ,  88.25 
5/29/2018,,,,
5/30/2018,  86.36 ,  84.01 ,  89.62 ,  88.43 
5/31/2018,  87.71 ,  85.36 ,  90.89 ,  89.70 
6/1/2018,  87.92 ,  85.40 ,  90.17 ,  89.34 
6/4/2018,  86.76 ,  84.24 ,  89.16 ,  88.46 
6/5/2018,  85.44 ,  82.92 ,  88.53 ,  87.83 
6/6/2018,  85.45 ,  83.36 ,  88.23 ,  87.66 
6/7/2018,  84.51 ,  82.31 ,  87.68 ,  87.06 
6/8/2018,  85.49 ,  83.43 ,  89.07 ,  88.50 
6/11/2018,  85.40 ,  83.16 ,  88.56 ,  88.00 
6/12/2018,  85.30 ,  83.19 ,  89.06 ,  88.52 
6/13/2018,  83.30 ,  81.53 ,  87.83 ,  87.29 
6/14/2018,  85.08 ,  83.06 ,  88.65 ,  88.16 
6/15/2018,,,,
6/18/2018,  81.18 ,  79.13 ,  84.71 ,  84.27 
6/19/2018,  81.40 ,  79.34 ,  86.05 ,  85.68 
6/20/2018,  81.49 ,  79.54 ,  86.80 ,  86.41 
6/21/2018,  79.78 ,  77.83 ,  84.73 ,  84.34 
6/22/2018,  80.61 ,  78.66 ,  85.01 ,  84.75 
6/25/2018,  81.31 ,  79.75 ,  85.95 ,  85.54 
6/26/2018,  81.27 ,  79.61 ,  85.49 ,  85.04 
6/27/2018,  82.05 ,  80.29 ,  86.55 ,  86.06 
6/28/2018,  83.38 ,  81.62 ,  87.69 ,  87.09 
6/29/2018,  83.94 ,  82.00 ,  88.04 ,  87.51 
7/2/2018,  84.35 ,  82.61 ,  88.14 ,  87.43 
7/3/2018,  82.98 ,  81.03 ,  87.21 ,  85.94 
7/4/2018,  83.50 ,  81.58 ,  87.83 ,  86.39 
7/5/2018,  83.53 ,  81.50 ,  88.10 ,  86.67 
7/6/2018,  83.45 ,  81.64 ,  88.28 ,  86.85 
7/9/2018,  83.93 ,  82.13 ,  88.66 ,  87.26 
7/10/2018,  85.54 ,  83.87 ,  89.71 ,  88.31 
7/11/2018,  84.16 ,  82.61 ,  88.41 ,  86.99 
7/12/2018,  82.08 ,  80.57 ,  85.84 ,  84.49 
7/13/2018,  81.02 ,  79.31 ,  84.79 ,  83.43 
7/16/2018,  83.01 ,  81.34 ,  86.28 ,  84.98 
7/17/2018,  79.64 ,  77.78 ,  83.72 ,  82.41 
7/18/2018,  79.22 ,  76.97 ,  83.02 ,  81.73 
7/19/2018,  80.48 ,  78.23 ,  84.23 ,  82.91 
7/20/2018,  82.01 ,  79.67 ,  85.64 ,  84.29 
7/23/2018,  82.69 ,  80.27 ,  85.67 ,  84.32 
7/24/2018,  83.20 ,  80.93 ,  86.09 ,  84.66 
7/25/2018,  84.54 ,  82.19 ,  87.23 ,  85.74 
7/26/2018,  84.92 ,  82.57 ,  88.31 ,  86.86 
7/27/2018,  84.76 ,  82.41 ,  88.31 ,  86.86 
7/30/2018,  84.99 ,  82.63 ,  87.94 ,  86.49 
7/31/2018,  84.97 ,  82.78 ,  88.05 ,  86.64 
8/1/2018,  83.27 ,  81.31 ,  86.94 ,  85.44 
8/2/2018,  82.00 ,  80.02 ,  85.67 ,  84.20 
8/3/2018,  83.02 ,  80.76 ,  86.75 ,  85.38 
8/6/2018,  83.43 ,  81.19 ,  87.50 ,  86.26 
8/7/2018,  84.54 ,  82.30 ,  88.27 ,  87.02 
8/8/2018,  86.00 ,  83.32 ,  88.90 ,  87.72 
8/9/2018,,,,
8/10/2018,  83.11 ,  80.49 ,  86.47 ,  85.37 
8/13/2018,  84.21 ,  81.67 ,  87.67 ,  86.66 
8/14/2018,  84.43 ,  81.89 ,  88.15 ,  87.24 
8/15/2018,  86.50 ,  83.75 ,  87.05 ,  86.23 
8/16/2018,  84.19 ,  81.50 ,  86.14 ,  85.38 
8/17/2018,  83.50 ,  80.81 ,  86.82 ,  86.04 
8/20/2018,  82.92 ,  80.67 ,  87.09 ,  86.48 
8/21/2018,  83.92 ,  81.45 ,  87.25 ,  86.71 
8/22/2018,,,,
8/23/2018,  85.37 ,  82.93 ,  89.24 ,  88.66 
8/24/2018,  86.16 ,  83.68 ,  90.63 ,  90.03 
8/27/2018,  86.02 ,  83.87 ,  90.76 ,  90.13 
8/28/2018,  86.97 ,  84.40 ,  91.72 ,  91.09 
8/29/2018,  85.75 ,  83.60 ,  90.89 ,  90.38 
8/30/2018,  87.77 ,  85.57 ,  92.45 ,  91.94 
8/31/2018,  88.22 ,  86.06 ,  92.37 ,  91.75 
9/3/2018,  88.71 ,  86.55 ,  93.54 ,  92.92 
9/4/2018,  89.63 ,  87.52 ,  94.93 ,  94.28 
9/5/2018,  87.98 ,  85.87 ,  92.80 ,  92.10 
9/6/2018,  87.56 ,  85.65 ,  92.36 ,  91.59 
9/7/2018,  86.90 ,  85.11 ,  91.50 ,  90.83 
9/10/2018,  87.65 ,  85.93 ,  92.52 ,  91.85 
9/11/2018,  88.23 ,  86.51 ,  92.54 ,  91.71 
9/12/2018,  89.67 ,  87.97 ,  93.50 ,  92.55 
9/13/2018,  89.29 ,  87.55 ,  93.20 ,  92.21 
9/14/2018,  89.00 ,  87.16 ,  92.40 ,  91.41 
9/17/2018,  89.44 ,  86.98 ,  92.17 ,  91.15 
9/18/2018,  88.85 ,  86.39 ,  91.51 ,  90.41 
9/19/2018,  90.09 ,  87.63 ,  93.24 ,  92.09 
9/20/2018,  90.27 ,  88.17 ,  94.18 ,  93.04 
9/21/2018,  89.97 ,  87.92 ,  93.93 ,  92.77 
9/24/2018,  91.24 ,  89.19 ,  94.93 ,  93.88 
9/25/2018,  91.63 ,  89.72 ,  96.16 ,  95.19 
9/26/2018,  91.21 ,  89.30 ,  96.67 ,  95.66 
9/27/2018,  91.87 ,  89.93 ,  97.17 ,  96.23 
9/28/2018,  91.84 ,  89.52 ,  96.68 ,  95.73 
10/1/2018,  92.90 ,  90.91 ,  98.32 ,  97.35 
10/2/2018,  94.49 ,  92.50 ,  100.83 ,  100.05 
10/3/2018,  94.09 ,  92.19 ,  100.90 ,  100.14 
10/4/2018,  93.71 ,  91.81 ,  100.94 ,  100.12 
10/5/2018,  93.45 ,  91.00 ,  99.52 ,  98.66 
10/8/2018,  92.25 ,  89.80 ,  98.04 ,  97.03 
10/9/2018,  93.52 ,  91.10 ,  99.81 ,  98.82 
10/10/2018,  93.40 ,  91.23 ,  100.06 ,  99.02 
10/11/2018,  90.44 ,  88.27 ,  98.07 ,  96.98 
10/12/2018,  90.03 ,  87.65 ,  97.32 ,  96.14 
10/15/2018,  88.77 ,  86.39 ,  96.81 ,  95.59 
10/16/2018,  87.48 ,  85.10 ,  96.06 ,  94.48 
10/17/2018,  87.89 ,  85.92 ,  97.82 ,  95.99 
10/18/2018,  84.72 ,  82.81 ,  96.40 ,  94.57 
10/19/2018,  84.76 ,  82.93 ,  95.93 ,  94.07 
10/22/2018,  85.46 ,  83.63 ,  97.33 ,  95.43 
10/23/2018,  83.46 ,  81.63 ,  96.53 ,  94.62 
10/24/2018,  81.14 ,  79.09 ,  93.66 ,  91.95 
10/25/2018,  81.28 ,  79.23 ,  94.24 ,  92.34 
10/26/2018,  80.75 ,  78.96 ,  95.29 ,  93.56 
10/29/2018,  80.92 ,  78.98 ,  95.30 ,  93.63 
10/30/2018,  81.23 ,  79.44 ,  94.00 ,  92.90 
10/31/2018,  81.46 ,  79.79 ,  93.66 ,  92.82 
11/1/2018,  78.44 ,  76.77 ,  92.07 ,  91.36 
11/2/2018,  76.20 ,  74.53 ,  89.90 ,  89.00 
11/5/2018,  75.42 ,  73.75 ,  88.34 ,  87.46 
11/6/2018,,,,
11/7/2018,  74.35 ,  72.78 ,  88.52 ,  87.69 
11/8/2018,  73.07 ,  71.50 ,  89.74 ,  88.94 
11/9/2018,  71.49 ,  69.92 ,  86.74 ,  86.08 
11/12/2018,  72.43 ,  70.86 ,  88.53 ,  87.83 
11/13/2018,  71.00 ,  69.75 ,  87.02 ,  86.32 
11/14/2018,  67.78 ,  65.81 ,  82.91 ,  82.26 
11/15/2018,  68.50 ,  66.87 ,  84.09 ,  83.48 
11/16/2018,  69.48 ,  67.88 ,  83.93 ,  83.32 
11/19/2018,  70.01 ,  68.41 ,  83.20 ,  82.59 
11/20/2018,  69.85 ,  67.85 ,  82.22 ,  81.61 
11/21/2018,  67.13 ,  64.98 ,  78.82 ,  78.26 
11/22/2018,  66.24 ,  63.99 ,  77.96 ,  77.43 
11/23/2018,  64.56 ,  62.31 ,  76.29 ,  75.89 
11/26/2018,  61.54 ,  60.15 ,  74.62 ,  74.22 
11/27/2018,  61.67 ,  60.05 ,  73.86 ,  73.46 
11/28/2018,  61.58 ,  59.92 ,  74.77 ,  74.42 
11/29/2018,  59.74 ,  57.83 ,  72.17 ,  71.82 
11/30/2018,  60.94 ,  59.70 ,  72.39 ,  72.04 
12/3/2018,  63.71 ,  61.82 ,  74.60 ,  74.19 
12/4/2018,  62.87 ,  61.03 ,  74.35 ,  73.94 
12/5/2018,  61.31 ,  59.40 ,  72.34 ,  71.91 
12/6/2018,  61.84 ,  60.02 ,  72.16 ,  71.48 
12/7/2018,  61.69 ,  59.87 ,  71.60 ,  70.77 
12/10/2018,  62.78 ,  60.96 ,  73.31 ,  72.43 
12/11/2018,  60.57 ,  58.91 ,  71.21 ,  70.38 
12/12/2018,  61.44 ,  59.78 ,  71.62 ,  70.97 
12/13/2018,  60.53 ,  58.87 ,  71.40 ,  70.54 
12/14/2018,  62.95 ,  60.46 ,  72.48 ,  71.59 
12/17/2018,  62.11 ,  59.62 ,  71.51 ,  70.62 
12/18/2018,  60.44 ,  57.95 ,  69.80 ,  68.84 
12/19/2018,  58.42 ,  55.93 ,  67.96 ,  66.87 
12/20/2018,  57.67 ,  55.18 ,  67.59 ,  66.14 
12/21/2018,  56.64 ,  54.15 ,  66.20 ,  64.58 
12/26/2018,  53.40 ,  51.31 ,  62.08 ,  60.30 
12/27/2018,  55.98 ,  54.19 ,  65.41 ,  63.55 
12/28/2018,  55.92 ,  53.78 ,  64.59 ,  62.61 
1/2/2019,  54.96 ,  52.82 ,  63.60 ,  61.60 
1/3/2019,  57.36 ,  55.36 ,  65.67 ,  63.88 
1/4/2019,  60.68 ,  58.36 ,  68.85 ,  66.94 
1/7/2019,  62.26 ,  59.94 ,  71.15 ,  69.22 
1/8/2019,  60.32 ,  58.00 ,  70.78 ,  68.85 
1/9/2019,  60.97 ,  58.92 ,  71.97 ,  70.04 
1/10/2019,  62.00 ,  60.50 ,  73.46 ,  71.53 
1/11/2019,  63.90 ,  61.88 ,  75.40 ,  73.47 
1/14/2019,  61.65 ,  59.97 ,  73.20 ,  71.25 
1/15/2019,  60.82 ,  58.98 ,  72.98 ,  71.03 
1/16/2019,  62.37 ,  60.53 ,  73.76 ,  71.85 
1/17/2019,  62.22 ,  60.26 ,  73.93 ,  72.02 
1/18/2019,  62.58 ,  60.84 ,  74.42 ,  72.51 
1/21/2019,  63.15 ,  61.24 ,  74.78 ,  73.46 
1/22/2019,  62.54 ,  60.63 ,  74.71 ,  73.13 
1/23/2019,  61.76 ,  59.91 ,  74.44 ,  72.74 
1/24/2019,  60.62 ,  58.68 ,  73.60 ,  71.80 
1/25/2019,  61.18 ,  59.53 ,  74.47 ,  72.79 
1/28/2019,  60.61 ,  58.96 ,  73.30 ,  71.65 
1/29/2019,  58.97 ,  57.35 ,  72.59 ,  70.94 
1/30/2019,  60.00 ,  58.48 ,  74.78 ,  73.16 
1/31/2019,  61.67 ,  59.68 ,  75.24 ,  73.62 
2/1/2019,  61.10 ,  58.88 ,  74.19 ,  72.54 
2/4/2019,  64.16 ,  61.66 ,  75.84 ,  74.11 
2/5/2019,,,,
2/6/2019,,,,
2/7/2019,  63.69 ,  61.54 ,  75.83 ,  74.18 
2/8/2019,  62.35 ,  60.85 ,  75.14 ,  73.84 
2/11/2019,  63.66 ,  61.98 ,  76.10 ,  74.80 
2/12/2019,  63.17 ,  61.45 ,  75.67 ,  74.45 
2/13/2019,  64.19 ,  62.40 ,  76.86 ,  75.73 
2/14/2019,  65.45 ,  63.81 ,  78.76 ,  77.70 
2/15/2019,  66.13 ,  64.39 ,  79.45 ,  78.36 
2/18/2019,  68.54 ,  66.69 ,  81.57 ,  80.70 
2/19/2019,  68.22 ,  66.37 ,  81.07 ,  80.38 
2/20/2019,  67.75 ,  66.20 ,  80.48 ,  79.89 
2/21/2019,  68.85 ,  67.16 ,  81.41 ,  80.76 
2/22/2019,  69.79 ,  67.76 ,  82.05 ,  81.35 
2/25/2019,  69.50 ,  67.52 ,  82.13 ,  81.32 
2/26/2019,  67.45 ,  65.65 ,  80.03 ,  79.23 
2/27/2019,  68.96 ,  67.06 ,  81.25 ,  80.50 
2/28/2019,  69.37 ,  67.47 ,  81.85 ,  81.09 
3/1/2019,  70.54 ,  68.35 ,  82.64 ,  81.86 
3/4/2019,  69.51 ,  67.77 ,  81.04 ,  80.12 
3/5/2019,  69.70 ,  68.38 ,  81.09 ,  80.23 
3/6/2019,  71.01 ,  69.65 ,  81.05 ,  80.18 
3/7/2019,  73.33 ,  71.29 ,  81.38 ,  80.62 
3/8/2019,  72.00 ,  70.40 ,  80.89 ,  80.12 
3/11/2019,  73.71 ,  72.11 ,  81.57 ,  80.93 
3/12/2019,  74.32 ,  72.72 ,  81.41 ,  80.75 
3/13/2019,  74.18 ,  72.58 ,  80.86 ,  80.11 
3/14/2019,  76.15 ,  74.55 ,  81.39 ,  80.68 
3/15/2019,  75.34 ,  73.62 ,  81.25 ,  80.67 
3/18/2019,  75.30 ,  73.58 ,  80.40 ,  79.92 
3/19/2019,  76.45 ,  74.73 ,  80.86 ,  80.36 
3/20/2019,  76.31 ,  74.83 ,  81.45 ,  80.95 
3/21/2019,  77.14 ,  75.65 ,  82.11 ,  81.59 
3/22/2019,  76.76 ,  75.30 ,  80.69 ,  80.15 
3/25/2019,  75.85 ,  74.37 ,  79.70 ,  79.16 
3/26/2019,  76.59 ,  75.09 ,  80.69 ,  80.08 
3/27/2019,  77.04 ,  75.69 ,  80.71 ,  80.00 
3/28/2019,  75.50 ,  73.89 ,  80.04 ,  79.25 
3/29/2019,  76.29 ,  74.88 ,  80.25 ,  79.46 
4/1/2019,  77.54 ,  75.99 ,  81.08 ,  80.47 
4/2/2019,  77.70 ,  75.72 ,  80.91 ,  80.39 
4/3/2019,  77.61 ,  76.02 ,  81.69 ,  81.21 
4/4/2019,  77.33 ,  75.74 ,  80.66 ,  80.18 
4/5/2019,  77.20 ,  75.50 ,  80.93 ,  80.42 
4/8/2019,  78.95 ,  77.51 ,  83.05 ,  82.54 
4/9/2019,  79.87 ,  78.11 ,  83.39 ,  82.89 
4/10/2019,  80.80 ,  78.79 ,  82.84 ,  82.33 
4/11/2019,  82.34 ,  80.31 ,  84.06 ,  83.44 
4/12/2019,  82.93 ,  80.66 ,  83.92 ,  83.23 
4/15/2019,  82.37 ,  80.02 ,  83.58 ,  82.78 
4/16/2019,  80.79 ,  78.47 ,  83.32 ,  82.49 
4/17/2019,  82.04 ,  80.03 ,  84.22 ,  83.65 
4/18/2019,  81.69 ,  79.52 ,  83.59 ,  82.97 
4/22/2019,  83.54 ,  81.43 ,  85.12 ,  84.51 
4/23/2019,  83.26 ,  81.19 ,  85.43 ,  84.75 
4/24/2019,  82.32 ,  80.25 ,  85.49 ,  84.81 
4/25/2019,  83.24 ,  81.42 ,  85.59 ,  84.95 
4/26/2019,  82.65 ,  80.75 ,  84.49 ,  83.91 
4/29/2019,  80.96 ,  79.14 ,  82.53 ,  81.91 
4/30/2019,  80.83 ,  78.92 ,  83.24 ,  82.67 
5/1/2019,,,,
5/2/2019,  80.45 ,  78.64 ,  83.80 ,  83.35 
5/3/2019,  78.86 ,  77.15 ,  83.27 ,  82.94 
5/6/2019,  77.49 ,  75.78 ,  82.89 ,  82.44 
5/7/2019,  77.21 ,  75.50 ,  83.76 ,  83.33 
5/8/2019,  74.35 ,  72.64 ,  82.42 ,  82.01 
5/9/2019,  74.59 ,  72.62 ,  82.46 ,  82.03 
5/10/2019,  77.38 ,  75.41 ,  83.18 ,  82.62 
5/13/2019,  78.40 ,  76.52 ,  84.24 ,  83.65 
5/14/2019,  76.50 ,  74.70 ,  82.61 ,  81.99 
5/15/2019,  77.05 ,  75.25 ,  83.82 ,  83.27 
5/16/2019,  79.03 ,  77.23 ,  85.59 ,  85.01 
5/17/2019,  80.74 ,  78.94 ,  86.18 ,  85.53 
5/20/2019,,,,
5/21/2019,  78.75 ,  76.95 ,  84.71 ,  84.10 
5/22/2019,  78.47 ,  76.67 ,  84.05 ,  83.45 
5/23/2019,  76.47 ,  74.67 ,  82.83 ,  82.23 
5/24/2019,  74.84 ,  72.70 ,  80.09 ,  79.53 
5/27/2019,  74.02 ,  72.11 ,  80.40 ,  79.84 
5/28/2019,  74.52 ,  72.66 ,  82.34 ,  81.78 
5/29/2019,  72.10 ,  69.82 ,  80.66 ,  80.01 
5/30/2019,  73.32 ,  71.47 ,  80.42 ,  79.78 
5/31/2019,  68.35 ,  66.91 ,  77.45 ,  76.77 
6/3/2019,  64.90 ,  63.21 ,  73.60 ,  72.98 
6/4/2019,  65.25 ,  63.65 ,  73.27 ,  72.66 
6/5/2019,,,,
6/6/2019,  64.76 ,  63.17 ,  72.39 ,  71.74 
6/7/2019,  66.83 ,  65.24 ,  73.66 ,  72.98 
6/10/2019,  67.59 ,  66.02 ,  74.39 ,  73.65 
6/11/2019,  66.82 ,  65.25 ,  73.57 ,  72.86 
6/12/2019,  66.15 ,  64.10 ,  72.99 ,  72.32 
6/13/2019,  66.03 ,  64.06 ,  73.42 ,  72.67 
6/14/2019,  65.82 ,  63.85 ,  73.34 ,  72.56 
6/17/2019,  65.44 ,  63.80 ,  74.11 ,  73.32 
6/18/2019,  64.56 ,  62.97 ,  73.12 ,  72.20 
6/19/2019,  66.13 ,  64.54 ,  74.54 ,  73.58 
6/20/2019,  67.95 ,  66.36 ,  76.07 ,  75.15 
6/21/2019,  70.20 ,  68.56 ,  77.57 ,  76.65 
6/24/2019,  71.50 ,  69.39 ,  78.14 ,  77.23 
6/25/2019,  69.56 ,  67.68 ,  77.11 ,  76.26 
6/26/2019,  70.92 ,  69.55 ,  78.63 ,  77.78 
6/27/2019,  71.10 ,  69.89 ,  78.99 ,  78.14 
6/28/2019,  71.65 ,  70.15 ,  78.50 ,  77.65 
7/1/2019,  73.45 ,  71.70 ,  80.01 ,  79.25 
7/2/2019,  71.73 ,  70.37 ,  78.70 ,  78.09 
7/3/2019,  70.36 ,  68.40 ,  75.87 ,  75.23 
7/4/2019,  72.16 ,  70.08 ,  76.49 ,  75.87 
7/5/2019,  72.82 ,  70.37 ,  76.09 ,  75.56 
7/8/2019,  73.70 ,  71.25 ,  77.47 ,  77.07 
7/9/2019,  73.00 ,  70.32 ,  76.87 ,  76.35 
7/10/2019,  75.18 ,  72.50 ,  78.80 ,  78.25 
7/11/2019,  78.33 ,  75.65 ,  81.74 ,  81.19 
7/12/2019,  78.60 ,  76.01 ,  80.97 ,  80.35 
7/15/2019,  77.25 ,  74.45 ,  80.47 ,  79.88 
7/16/2019,  76.40 ,  73.80 ,  79.97 ,  79.33 
7/17/2019,  75.01 ,  72.41 ,  78.81 ,  78.06 
7/18/2019,  74.22 ,  71.39 ,  77.79 ,  76.95 
7/19/2019,  73.93 ,  71.11 ,  77.79 ,  76.92 
7/22/2019,  74.03 ,  71.21 ,  79.41 ,  78.51 
7/23/2019,  71.63 ,  68.81 ,  78.32 ,  77.44 
7/24/2019,  71.43 ,  68.48 ,  79.50 ,  78.68 
7/25/2019,  71.67 ,  68.72 ,  79.03 ,  78.31 
7/26/2019,  72.20 ,  68.98 ,  78.70 ,  77.82 
7/29/2019,  71.74 ,  68.64 ,  78.56 ,  77.67 
7/30/2019,  72.72 ,  69.77 ,  79.73 ,  78.81 
7/31/2019,  73.31 ,  70.79 ,  81.01 ,  80.08 
8/1/2019,  72.26 ,  69.90 ,  79.88 ,  79.00 
8/2/2019,  69.11 ,  67.12 ,  76.81 ,  75.95 
8/5/2019,  69.61 ,  67.04 ,  75.91 ,  75.05 
8/6/2019,  69.79 ,  66.28 ,  74.96 ,  74.15 
8/7/2019,  70.37 ,  66.47 ,  74.04 ,  73.29 
8/8/2019,  68.78 ,  64.88 ,  72.66 ,  71.86 
8/9/2019,,,,
8/12/2019,,,,
8/13/2019,  69.82 ,  65.92 ,  74.64 ,  73.72 
8/14/2019,  71.43 ,  68.15 ,  76.88 ,  75.95 
8/15/2019,  70.60 ,  66.93 ,  75.82 ,  74.78 
8/16/2019,  70.36 ,  66.37 ,  75.06 ,  73.82 
8/19/2019,  68.78 ,  65.22 ,  75.10 ,  73.85 
8/20/2019,  69.57 ,  66.01 ,  75.35 ,  74.07 
8/21/2019,  71.23 ,  67.39 ,  75.47 ,  74.18 
8/22/2019,  71.02 ,  66.94 ,  75.77 ,  74.57 
8/23/2019,  69.54 ,  66.05 ,  74.62 ,  73.37 
8/26/2019,  68.82 ,  65.28 ,  74.14 ,  73.04 
8/27/2019,  68.54 ,  64.91 ,  73.63 ,  72.58 
8/28/2019,  69.92 ,  66.25 ,  74.79 ,  73.67 
8/29/2019,  70.85 ,  67.22 ,  75.80 ,  74.63 
8/30/2019,  70.75 ,  67.19 ,  76.15 ,  75.02 
9/2/2019,  68.38 ,  64.81 ,  74.23 ,  73.14 
9/3/2019,  66.09 ,  62.63 ,  73.11 ,  72.09 
9/4/2019,  66.54 ,  63.26 ,  73.77 ,  72.83 
9/5/2019,  68.54 ,  65.37 ,  75.89 ,  74.90 
9/6/2019,  70.07 ,  66.68 ,  75.89 ,  74.86 
9/9/2019,  71.34 ,  67.56 ,  76.71 ,  75.68 
9/10/2019,  72.50 ,  68.40 ,  77.80 ,  76.91 
9/11/2019,  74.54 ,  69.89 ,  78.26 ,  77.34 
9/12/2019,  73.50 ,  68.95 ,  76.83 ,  75.98 
9/13/2019,  73.09 ,  67.94 ,  74.96 ,  74.12 
9/16/2019,  79.69 ,  74.32 ,  80.55 ,  79.87 
9/17/2019,  84.57 ,  78.33 ,  84.27 ,  83.78 
9/18/2019,  79.04 ,  72.76 ,  79.88 ,  78.96 
9/19/2019,  80.45 ,  73.49 ,  80.14 ,  79.13 
9/20/2019,  82.24 ,  74.80 ,  81.39 ,  80.35 
9/23/2019,  79.71 ,  72.27 ,  80.69 ,  79.64 
9/24/2019,  80.51 ,  71.76 ,  80.27 ,  79.30 
9/25/2019,  77.72 ,  68.97 ,  78.23 ,  77.33 
9/26/2019,  72.25 ,  68.67 ,  78.68 ,  77.72 
9/27/2019,  74.83 ,  69.95 ,  79.22 ,  78.34 
9/30/2019,  73.27 ,  68.71 ,  78.36 ,  77.50 
10/1/2019,  72.02 ,  68.19 ,  77.96 ,  76.91 
10/2/2019,  73.00 ,  67.88 ,  77.27 ,  76.14 
10/3/2019,  73.47 ,  67.55 ,  75.56 ,  74.15 
10/4/2019,  75.18 ,  69.35 ,  76.10 ,  74.70 
10/7/2019,  76.77 ,  69.32 ,  76.31 ,  74.81 
10/8/2019,  77.24 ,  69.22 ,  76.47 ,  74.85 
10/9/2019,  78.32 ,  68.67 ,  76.53 ,  74.92 
10/10/2019,  76.31 ,  68.25 ,  77.12 ,  75.38 
10/11/2019,  77.33 ,  70.04 ,  79.34 ,  77.56 
10/14/2019,  76.29 ,  69.36 ,  78.10 ,  76.18 
10/15/2019,  75.72 ,  68.79 ,  76.58 ,  74.44 
10/16/2019,  75.22 ,  68.39 ,  76.99 ,  74.84 
10/17/2019,  74.28 ,  67.91 ,  77.00 ,  75.22 
10/18/2019,  73.33 ,  67.89 ,  77.07 ,  75.54 
10/21/2019,  73.29 ,  67.85 ,  76.89 ,  75.32 
10/22/2019,  71.92 ,  66.37 ,  76.53 ,  75.08 
10/23/2019,  71.58 ,  66.08 ,  76.64 ,  75.27 
10/24/2019,  72.75 ,  67.36 ,  77.75 ,  76.38 
10/25/2019,  72.59 ,  68.71 ,  78.79 ,  77.56 
10/28/2019,,,,
10/29/2019,  70.80 ,  67.25 ,  77.64 ,  76.47 
10/30/2019,  71.27 ,  67.72 ,  77.23 ,  76.16 
10/31/2019,  69.85 ,  67.01 ,  76.62 ,  75.55 
11/1/2019,  70.84 ,  66.54 ,  75.40 ,  74.12 
11/4/2019,  74.13 ,  68.38 ,  77.59 ,  76.46 
11/5/2019,  75.60 ,  69.85 ,  77.76 ,  76.74 
11/6/2019,  76.03 ,  70.28 ,  77.28 ,  76.33 
11/7/2019,  76.68 ,  71.03 ,  76.48 ,  75.54 
11/8/2019,  77.77 ,  71.67 ,  75.30 ,  74.36 
11/11/2019,  78.58 ,  72.31 ,  75.30 ,  74.46 
11/12/2019,  79.47 ,  72.98 ,  75.75 ,  74.87 
11/13/2019,  78.60 ,  72.12 ,  74.47 ,  73.63 
11/14/2019,  76.99 ,  72.13 ,  76.04 ,  75.26 
11/15/2019,  76.48 ,  72.27 ,  76.34 ,  75.63 
11/18/2019,  77.18 ,  71.85 ,  76.83 ,  76.19 
11/19/2019,  76.70 ,  71.47 ,  74.71 ,  74.13 
11/20/2019,  74.96 ,  69.82 ,  73.00 ,  72.44 
11/21/2019,  75.76 ,  71.61 ,  74.30 ,  73.74 
11/22/2019,  76.61 ,  72.46 ,  76.30 ,  75.75 
11/25/2019,  76.17 ,  72.02 ,  76.09 ,  75.58 
11/26/2019,  75.27 ,  72.15 ,  76.36 ,  75.80 
11/27/2019,  76.04 ,  73.01 ,  77.37 ,  76.90 
11/28/2019,  74.77 ,  71.24 ,  76.67 ,  76.29 
11/29/2019,  76.62 ,  72.71 ,  77.00 ,  76.62 
12/2/2019,  74.08 ,  70.17 ,  75.16 ,  74.49 
12/3/2019,  73.45 ,  69.54 ,  75.35 ,  74.53 
12/4/2019,  74.25 ,  69.39 ,  75.72 ,  74.50 
12/5/2019,  75.30 ,  71.32 ,  76.87 ,  75.67 
12/6/2019,  76.13 ,  72.52 ,  78.34 ,  77.17 
12/9/2019,  75.54 ,  71.93 ,  77.91 ,  76.92 
12/10/2019,  74.64 ,  70.72 ,  76.78 ,  76.02 
12/11/2019,  74.52 ,  70.85 ,  77.18 ,  76.42 
12/12/2019,  73.38 ,  69.88 ,  76.92 ,  76.16 
12/13/2019,  73.79 ,  70.29 ,  78.21 ,  77.25 
12/16/2019,  73.73 ,  70.23 ,  79.55 ,  78.59 
12/17/2019,  73.40 ,  69.90 ,  80.46 ,  79.36 
12/18/2019,  73.18 ,  70.15 ,  81.06 ,  79.82 
12/19/2019,  73.78 ,  70.75 ,  80.60 ,  79.37 
12/20/2019,  75.36 ,  72.23 ,  81.53 ,  80.29 
12/23/2019,  75.11 ,  71.65 ,  80.50 ,  79.38 
12/24/2019,  76.24 ,  72.84 ,  80.93 ,  80.05 
12/26/2019,  76.44 ,  73.04 ,  82.00 ,  81.00 
12/27/2019,  77.47 ,  74.07 ,  82.91 ,  81.93 
12/30/2019,  76.20 ,  73.40 ,  82.95 ,  81.97 
12/31/2019,  74.81 ,  72.29 ,  82.39 ,  81.45 
1/2/2020,  73.69 ,  71.42 ,  81.59 ,  80.62 
1/3/2020,  76.14 ,  73.70 ,  83.51 ,  82.82 
1/6/2020,  77.66 ,  74.97 ,  83.86 ,  83.34 
1/7/2020,  75.81 ,  73.50 ,  81.84 ,  81.38 
1/8/2020,  74.99 ,  72.90 ,  83.00 ,  82.53 
1/9/2020,  72.18 ,  69.79 ,  80.20 ,  79.72 
1/10/2020,  73.42 ,  70.93 ,  79.10 ,  78.55 
1/13/2020,  73.06 ,  70.60 ,  78.44 ,  77.89 
1/14/2020,  72.20 ,  69.88 ,  76.45 ,  75.95 
1/15/2020,  71.36 ,  69.40 ,  76.33 ,  75.79 
1/16/2020,  70.95 ,  68.90 ,  75.56 ,  75.14 
1/17/2020,  71.60 ,  69.73 ,  75.77 ,  75.43 
1/20/2020,  71.94 ,  69.96 ,  76.69 ,  76.32 
1/21/2020,  70.30 ,  68.63 ,  75.87 ,  75.50 
1/22/2020,  71.11 ,  69.04 ,  75.31 ,  74.99 
1/23/2020,  69.17 ,  67.10 ,  73.69 ,  73.37 
1/24/2020,  69.41 ,  67.24 ,  73.69 ,  73.37 
1/27/2020,,,,
1/28/2020,  64.13 ,  62.02 ,  68.35 ,  67.98 
1/29/2020,  66.13 ,  64.04 ,  70.39 ,  70.10 
1/30/2020,  65.19 ,  63.29 ,  68.33 ,  68.04 
1/31/2020,  66.27 ,  64.28 ,  68.43 ,  68.14 
2/3/2020,  64.35 ,  62.74 ,  66.94 ,  66.11 
2/4/2020,  64.07 ,  62.26 ,  66.65 ,  65.48 
2/5/2020,  62.74 ,  60.91 ,  65.76 ,  64.66 
2/6/2020,  64.89 ,  63.06 ,  68.25 ,  67.18 
2/7/2020,  65.12 ,  63.51 ,  67.92 ,  66.89 
2/10/2020,  65.41 ,  63.51 ,  66.00 ,  64.89 
2/11/2020,  65.28 ,  63.25 ,  66.26 ,  64.87 
2/12/2020,  65.39 ,  63.70 ,  67.53 ,  66.06 
2/13/2020,  65.74 ,  63.95 ,  67.65 ,  66.06 
2/14/2020,  65.69 ,  63.81 ,  68.02 ,  66.43 
2/17/2020,  66.43 ,  64.36 ,  67.83 ,  66.30 
2/18/2020,  65.05 ,  62.98 ,  66.94 ,  65.45 
2/19/2020,  66.95 ,  64.88 ,  67.45 ,  66.08 
2/20/2020,  68.09 ,  65.82 ,  68.46 ,  67.15 
2/21/2020,  66.59 ,  64.65 ,  67.38 ,  66.13 
2/24/2020,  64.69 ,  62.75 ,  65.62 ,  64.31 
2/25/2020,  65.01 ,  63.40 ,  64.86 ,  63.63 
2/26/2020,  61.97 ,  60.04 ,  62.22 ,  60.97 
2/27/2020,  58.76 ,  56.83 ,  58.95 ,  57.51 
2/28/2020,  56.80 ,  54.93 ,  58.67 ,  57.31 
3/2/2020,  57.66 ,  55.79 ,  60.64 ,  59.44 
3/3/2020,  59.25 ,  57.36 ,  61.18 ,  60.04 
3/4/2020,  58.29 ,  56.40 ,  59.92 ,  58.91 
3/5/2020,  58.67 ,  56.87 ,  59.96 ,  58.90 
3/6/2020,  56.66 ,  54.84 ,  57.72 ,  56.68 
3/9/2020,  44.63 ,  42.65 ,  46.12 ,  45.12 
3/10/2020,  45.15 ,  43.73 ,  48.06 ,  46.89 
3/11/2020,  44.16 ,  42.53 ,  49.06 ,  47.85 
3/12/2020,  40.83 ,  39.40 ,  44.85 ,  43.77 
3/13/2020,  38.20 ,  37.35 ,  45.85 ,  44.75 
3/16/2020,  32.10 ,  31.25 ,  41.19 ,  40.24 
3/17/2020,  30.83 ,  29.98 ,  41.14 ,  40.13 
3/18/2020,  28.70 ,  27.47 ,  38.72 ,  37.71 
3/19/2020,  24.62 ,  23.07 ,  36.94 ,  35.88 
3/20/2020,  29.21 ,  28.26 ,  41.48 ,  40.61 
3/23/2020,  22.33 ,  21.53 ,  37.08 ,  36.21 
3/24/2020,  22.82 ,  22.02 ,  39.48 ,  38.61 
3/25/2020,  21.60 ,  20.80 ,  39.61 ,  38.74 
3/26/2020,  21.90 ,  21.10 ,  37.91 ,  37.04 
3/27/2020,  22.57 ,  21.77 ,  38.00 ,  37.31 
3/30/2020,  19.82 ,  19.02 ,  37.95 ,  37.07 
3/31/2020,  21.84 ,  21.04 ,  37.60 ,  36.30 
4/1/2020,  18.81 ,  18.01 ,  35.07 ,  32.89 
4/2/2020,  21.41 ,  20.65 ,  34.82 ,  31.82 
4/3/2020,  22.46 ,  21.97 ,  35.95 ,  32.62 
4/6/2020,  23.01 ,  22.52 ,  37.52 ,  34.01 
4/7/2020,  23.46 ,  22.97 ,  37.13 ,  33.97 
4/8/2020,  19.81 ,  19.32 ,  36.23 ,  33.09 
4/9/2020,  20.78 ,  20.29 ,  35.79 ,  33.28 
4/13/2020,  17.46 ,  16.97 ,  33.32 ,  30.45 
4/14/2020,  18.73 ,  18.24 ,  33.60 ,  30.93 
4/15/2020,  20.15 ,  18.94 ,  31.47 ,  28.55 
4/16/2020,  22.04 ,  20.83 ,  32.91 ,  29.83 
4/17/2020,  21.50 ,  20.28 ,  33.50 ,  30.87 
4/20/2020,  23.00 ,  21.62 ,  32.76 ,  30.30 
4/21/2020,  17.85 ,  16.37 ,  26.95 ,  24.32 
4/22/2020,  16.12 ,  14.64 ,  22.92 ,  20.75 
4/23/2020,  21.30 ,  19.66 ,  27.40 ,  25.23 
4/24/2020,  18.24 ,  16.60 ,  26.19 ,  23.96 
4/27/2020,  20.69 ,  19.10 ,  25.67 ,  23.44 
4/28/2020,  18.90 ,  17.31 ,  23.91 ,  21.68 
4/29/2020,  21.24 ,  19.65 ,  26.41 ,  24.03 
4/30/2020,  23.92 ,  22.33 ,  30.23 ,  27.69 
5/1/2020,,,,
5/4/2020,  22.90 ,  21.31 ,  29.31 ,  27.00 
5/5/2020,  26.75 ,  25.09 ,  32.43 ,  30.12 
5/6/2020,  29.46 ,  27.23 ,  33.25 ,  30.81 
5/7/2020,,,,
5/8/2020,  30.25 ,  27.92 ,  31.94 ,  29.51 
5/11/2020,  32.20 ,  29.87 ,  33.63 ,  31.20 
5/12/2020,  32.20 ,  29.07 ,  32.94 ,  30.51 
5/13/2020,  30.35 ,  27.44 ,  31.98 ,  29.61 
5/14/2020,  31.68 ,  28.77 ,  33.08 ,  30.72 
5/15/2020,  33.84 ,  31.38 ,  35.09 ,  32.81 
5/18/2020,  36.55 ,  33.63 ,  38.06 ,  35.68 
5/19/2020,  37.65 ,  35.10 ,  39.36 ,  37.11 
5/20/2020,  37.57 ,  35.02 ,  39.28 ,  37.21 
5/21/2020,  38.45 ,  35.51 ,  40.67 ,  38.98 
5/22/2020,  35.76 ,  32.82 ,  38.37 ,  36.67 
5/26/2020,  37.68 ,  34.74 ,  41.57 ,  39.96 
5/27/2020,  36.59 ,  33.65 ,  40.73 ,  39.19 
5/28/2020,  35.62 ,  32.54 ,  38.70 ,  37.16 
5/29/2020,  37.07 ,  33.94 ,  38.88 ,  37.21 
6/1/2020,  39.49 ,  36.36 ,  42.40 ,  41.32 
6/2/2020,  40.80 ,  37.67 ,  43.11 ,  41.99 
6/3/2020,  43.65 ,  40.52 ,  43.86 ,  42.96 
6/4/2020,  42.19 ,  39.92 ,  43.10 ,  42.37 
6/5/2020,  44.71 ,  41.72 ,  43.96 ,  43.20 
6/8/2020,  47.25 ,  44.62 ,  47.11 ,  46.46 
6/9/2020,  45.42 ,  42.79 ,  45.62 ,  44.97 
6/10/2020,  45.60 ,  42.93 ,  46.68 ,  46.21 
6/11/2020,  44.82 ,  42.25 ,  46.95 ,  46.55 
6/12/2020,  42.25 ,  39.68 ,  44.40 ,  44.13 
6/15/2020,  42.57 ,  40.00 ,  45.12 ,  44.78 
6/16/2020,  46.10 ,  43.27 ,  47.68 ,  47.37 
6/17/2020,  48.31 ,  45.42 ,  49.04 ,  48.71 
6/18/2020,  47.95 ,  45.17 ,  48.02 ,  47.69 
6/19/2020,  49.98 ,  47.27 ,  49.63 ,  49.32 
6/22/2020,  48.87 ,  46.16 ,  49.07 ,  48.76 
6/23/2020,  50.49 ,  48.34 ,  49.78 ,  49.47 
6/24/2020,  48.76 ,  47.04 ,  48.93 ,  48.62 
6/25/2020,  44.37 ,  42.40 ,  47.29 ,  46.98 
6/26/2020,  45.59 ,  43.62 ,  48.24 ,  47.93 
6/29/2020,  42.57 ,  40.71 ,  47.00 ,  46.69 
6/30/2020,  45.40 ,  43.54 ,  48.27 ,  47.96 
7/1/2020,  46.50 ,  44.64 ,  49.67 ,  49.50 
7/2/2020,  46.74 ,  43.91 ,  49.83 ,  49.66 
7/3/2020,  47.53 ,  44.70 ,  49.87 ,  49.69 
7/6/2020,  48.84 ,  45.85 ,  50.87 ,  50.69 
7/7/2020,  47.50 ,  44.51 ,  49.57 ,  49.40 
7/8/2020,  47.06 ,  45.18 ,  49.73 ,  49.58 
7/9/2020,  47.97 ,  46.05 ,  50.25 ,  49.96 
7/10/2020,,,,
7/13/2020,  46.72 ,  44.78 ,  50.20 ,  49.99 
7/14/2020,  45.39 ,  43.73 ,  49.48 ,  49.21 
7/15/2020,  47.11 ,  45.70 ,  50.37 ,  50.08 
7/16/2020,  46.81 ,  45.44 ,  49.89 ,  49.49 
7/17/2020,  46.04 ,  44.51 ,  49.91 ,  49.50 
7/20/2020,  45.46 ,  43.93 ,  49.44 ,  49.03 
7/21/2020,  46.38 ,  44.85 ,  51.00 ,  50.46 
7/22/2020,  47.10 ,  45.36 ,  51.41 ,  51.06 
7/23/2020,  47.66 ,  45.92 ,  51.74 ,  51.64 
7/24/2020,  46.40 ,  44.75 ,  49.84 ,  49.75 
7/27/2020,  45.98 ,  44.65 ,  49.81 ,  49.73 
7/28/2020,  45.56 ,  44.40 ,  50.18 ,  50.11 
7/29/2020,  45.57 ,  44.34 ,  50.04 ,  49.97 
7/30/2020,  44.55 ,  43.51 ,  49.79 ,  49.26 
7/31/2020,,,,
8/3/2020,  43.71 ,  42.40 ,  48.68 ,  47.40 
8/4/2020,  45.14 ,  43.91 ,  48.60 ,  47.32 
8/5/2020,  47.06 ,  45.50 ,  49.97 ,  48.83 
8/6/2020,  47.53 ,  46.09 ,  50.15 ,  49.01 
8/7/2020,  48.09 ,  46.67 ,  49.61 ,  48.35 
8/10/2020,,,,
8/11/2020,  48.59 ,  47.13 ,  49.95 ,  48.72 
8/12/2020,  47.98 ,  46.70 ,  49.73 ,  48.27 
8/13/2020,  48.37 ,  47.05 ,  49.90 ,  48.44 
8/14/2020,  48.22 ,  47.00 ,  49.20 ,  47.77 
8/17/2020,  48.66 ,  47.31 ,  49.34 ,  48.01 
8/18/2020,  49.28 ,  48.01 ,  49.62 ,  48.23 
8/19/2020,  48.87 ,  47.50 ,  49.79 ,  48.13 
8/20/2020,  48.45 ,  47.66 ,  49.20 ,  47.54 
8/21/2020,  48.95 ,  47.79 ,  48.97 ,  47.20 
8/24/2020,  48.98 ,  47.76 ,  49.07 ,  47.30 
8/25/2020,  49.55 ,  48.45 ,  49.72 ,  48.12 
8/26/2020,  49.51 ,  48.34 ,  49.96 ,  48.53 
8/27/2020,  49.78 ,  48.65 ,  49.51 ,  48.08 
8/28/2020,  47.81 ,  46.80 ,  48.10 ,  46.75 
8/31/2020,  49.66 ,  48.65 ,  49.55 ,  48.25 
9/1/2020,  47.70 ,  46.63 ,  48.62 ,  47.36 
9/2/2020,  48.59 ,  47.52 ,  48.63 ,  47.39 
9/3/2020,  46.84 ,  45.60 ,  46.10 ,  44.84 
9/4/2020,  47.60 ,  46.40 ,  46.24 ,  45.00 
9/7/2020,  46.58 ,  45.02 ,  44.41 ,  43.31 
9/8/2020,  45.91 ,  44.35 ,  43.54 ,  42.48 
9/9/2020,  44.24 ,  42.68 ,  42.48 ,  41.69 
9/10/2020,  44.80 ,  43.29 ,  42.70 ,  41.91 
9/11/2020,  44.68 ,  43.17 ,  42.31 ,  41.52 
9/14/2020,  45.08 ,  43.57 ,  42.59 ,  41.80 
9/15/2020,  45.80 ,  43.95 ,  42.41 ,  41.63 
9/16/2020,  47.35 ,  45.50 ,  43.74 ,  43.00 
9/17/2020,  48.30 ,  46.45 ,  43.57 ,  42.84 
9/18/2020,  50.38 ,  48.53 ,  45.43 ,  44.72 
9/21/2020,  48.48 ,  46.88 ,  44.31 ,  43.57 
9/22/2020,  47.40 ,  45.80 ,  43.63 ,  43.05 
9/23/2020,  47.68 ,  46.08 ,  43.24 ,  42.65 
9/24/2020,  47.14 ,  45.54 ,  42.82 ,  42.20 
9/25/2020,  48.54 ,  46.94 ,  43.88 ,  43.19 
9/28/2020,  49.10 ,  47.50 ,  43.63 ,  42.94 
9/29/2020,  49.49 ,  47.62 ,  44.17 ,  43.49 
9/30/2020,  47.25 ,  45.60 ,  43.38 ,  42.78 
10/1/2020,  48.71 ,  47.15 ,  43.98 ,  43.38 
10/2/2020,  46.31 ,  44.75 ,  42.05 ,  41.49 
10/5/2020,  46.76 ,  45.20 ,  42.76 ,  42.20 
10/6/2020,  47.78 ,  46.22 ,  44.16 ,  43.57 
10/7/2020,  48.08 ,  46.52 ,  45.38 ,  44.69 
10/8/2020,  48.22 ,  46.66 ,  45.19 ,  44.50 
10/9/2020,  48.15 ,  46.52 ,  45.94 ,  45.28 
10/12/2020,  47.13 ,  45.57 ,  45.31 ,  44.65 
10/13/2020,  46.49 ,  44.93 ,  44.97 ,  44.31 
10/14/2020,  45.54 ,  44.60 ,  44.67 ,  44.02 
10/15/2020,  46.35 ,  45.43 ,  45.60 ,  45.06 
10/16/2020,  46.09 ,  45.23 ,  45.39 ,  44.85 
10/19/2020,  45.56 ,  44.92 ,  45.02 ,  44.62 
10/20/2020,  45.72 ,  45.00 ,  44.31 ,  43.96 
10/21/2020,  46.29 ,  45.69 ,  44.44 ,  44.07 
10/22/2020,  45.39 ,  44.84 ,  43.91 ,  43.58 
10/23/2020,  45.65 ,  44.65 ,  43.79 ,  43.46 
10/26/2020,  44.41 ,  43.41 ,  42.02 ,  41.60 
10/27/2020,  44.33 ,  43.33 ,  42.49 ,  42.07 
10/28/2020,  43.61 ,  42.61 ,  42.25 ,  41.79 
10/29/2020,  42.83 ,  41.83 ,  41.71 ,  41.20 
10/30/2020,  42.04 ,  41.04 ,  40.93 ,  40.35 
11/2/2020,  39.85 ,  38.85 ,  39.05 ,  38.45 
11/3/2020,  43.05 ,  42.00 ,  42.58 ,  42.02 
11/4/2020,  42.99 ,  41.94 ,  42.73 ,  42.43 
11/5/2020,  44.45 ,  43.25 ,  44.00 ,  43.70 
11/6/2020,  44.65 ,  43.15 ,  43.63 ,  43.31 
11/9/2020,  44.57 ,  42.83 ,  43.77 ,  43.48 
11/10/2020,  46.92 ,  45.29 ,  47.01 ,  46.68 
11/11/2020,  48.65 ,  47.55 ,  49.20 ,  48.84 
11/12/2020,  47.46 ,  46.16 ,  48.10 ,  47.78 
11/13/2020,  46.15 ,  44.95 ,  47.05 ,  46.71 
11/16/2020,  46.48 ,  45.25 ,  47.74 ,  47.44 
11/17/2020,  46.28 ,  45.09 ,  47.90 ,  47.51 
11/18/2020,  46.43 ,  45.30 ,  48.44 ,  48.05 
11/19/2020,  46.45 ,  45.26 ,  48.67 ,  48.32 
11/20/2020,  46.82 ,  45.80 ,  48.81 ,  48.51 
11/23/2020,  47.96 ,  47.01 ,  49.92 ,  49.65 
11/24/2020,  48.95 ,  47.83 ,  50.81 ,  50.29 
11/25/2020,  51.16 ,  49.95 ,  52.56 ,  51.86 
11/26/2020,  50.73 ,  49.52 ,  52.32 ,  51.60 
11/27/2020,  50.96 ,  49.75 ,  51.97 ,  51.27 
11/30/2020,  50.25 ,  49.11 ,  51.99 ,  51.30 
12/1/2020,  50.66 ,  49.38 ,  52.53 ,  51.71 
12/2/2020,  49.75 ,  48.75 ,  51.60 ,  50.78 
12/3/2020,  50.48 ,  49.56 ,  52.80 ,  51.98 
12/4/2020,  52.37 ,  51.25 ,  54.32 ,  53.54 
12/7/2020,  50.86 ,  50.16 ,  53.20 ,  52.37 
12/8/2020,  51.13 ,  50.02 ,  53.88 ,  53.02 
12/9/2020,  52.17 ,  51.39 ,  54.91 ,  54.09 
12/10/2020,  52.10 ,  51.32 ,  53.97 ,  53.23 
12/11/2020,  54.18 ,  53.02 ,  55.66 ,  54.77 
12/14/2020,  54.18 ,  53.40 ,  56.37 ,  55.48 
12/15/2020,  53.56 ,  52.43 ,  55.86 ,  54.98 
12/16/2020,  53.54 ,  52.55 ,  56.28 ,  55.43 
12/17/2020,  55.00 ,  54.20 ,  57.32 ,  56.33 
12/18/2020,  55.36 ,  54.60 ,  57.19 ,  56.11 
12/21/2020,  53.86 ,  53.15 ,  56.20 ,  54.95 
12/22/2020,  53.77 ,  52.69 ,  55.56 ,  54.31 
12/23/2020,  53.85 ,  52.82 ,  55.68 ,  54.51 
12/24/2020,  56.17 ,  54.74 ,  57.51 ,  56.34 
12/28/2020,  55.67 ,  54.03 ,  57.26 ,  56.09 
12/29/2020,  55.65 ,  53.96 ,  57.08 ,  55.92 
12/30/2020,  55.69 ,  54.51 ,  56.91 ,  55.80 
12/31/2020,  56.13 ,  55.18 ,  56.89 ,  55.78 
1/4/2021,  57.38 ,  56.56 ,  58.30 ,  57.21 
1/5/2021,  55.50 ,  54.20 ,  55.47 ,  54.38 
1/6/2021,  58.31 ,  57.48 ,  58.00 ,  56.92 
1/7/2021,  59.07 ,  58.24 ,  58.38 ,  57.31 
1/8/2021,  59.82 ,  58.51 ,  59.07 ,  57.97 
1/11/2021,  60.34 ,  59.03 ,  59.71 ,  58.58 
1/12/2021,  61.17 ,  59.88 ,  60.60 ,  59.53 
1/13/2021,  61.78 ,  60.65 ,  61.46 ,  60.38 
1/14/2021,  61.27 ,  60.10 ,  61.47 ,  60.30 
1/15/2021,  60.27 ,  59.13 ,  61.25 ,  60.06 
1/18/2021,  59.37 ,  58.23 ,  60.03 ,  58.86 
1/19/2021,  60.31 ,  59.00 ,  60.72 ,  59.64 
1/20/2021,  61.27 ,  59.96 ,  61.64 ,  60.52 
1/21/2021,  60.47 ,  59.34 ,  60.65 ,  59.57 
1/22/2021,  59.94 ,  59.07 ,  59.83 ,  58.81 
1/25/2021,  60.68 ,  59.61 ,  60.05 ,  59.00 
1/26/2021,  60.76 ,  59.56 ,  60.20 ,  59.14 
1/27/2021,  61.54 ,  60.50 ,  60.98 ,  59.78 
1/28/2021,  60.84 ,  59.65 ,  60.54 ,  59.37 
1/29/2021,  60.78 ,  59.59 ,  60.42 ,  59.20 
2/1/2021,  60.71 ,  59.54 ,  61.09 ,  59.88 
2/2/2021,  62.44 ,  61.02 ,  62.72 ,  61.47 
2/3/2021,  64.13 ,  62.71 ,  63.87 ,  62.72 
2/4/2021,  64.93 ,  63.71 ,  64.44 ,  63.23 
2/5/2021,  65.68 ,  64.27 ,  65.24 ,  64.12 
2/8/2021,  66.26 ,  64.85 ,  66.16 ,  65.04 
2/9/2021,  66.36 ,  64.95 ,  67.45 ,  66.25 
2/10/2021,  65.88 ,  64.22 ,  67.55 ,  66.37 
2/11/2021,  65.59 ,  64.13 ,  67.42 ,  66.25 
2/12/2021,,,,
2/15/2021,  68.17 ,  66.71 ,  69.33 ,  68.13 
2/16/2021,  69.05 ,  67.59 ,  69.32 ,  68.17 
2/17/2021,  69.14 ,  68.06 ,  69.52 ,  68.36 
2/18/2021,  71.21 ,  69.58 ,  70.59 ,  69.36 
2/19/2021,  69.59 ,  67.72 ,  69.03 ,  67.79 
2/22/2021,  70.02 ,  68.29 ,  69.29 ,  68.07 
2/23/2021,  72.11 ,  70.38 ,  71.79 ,  70.53 
2/24/2021,  71.44 ,  69.77 ,  70.69 ,  69.44 
2/25/2021,  73.68 ,  72.01 ,  72.95 ,  71.70 
2/26/2021,  73.11 ,  71.39 ,  71.46 ,  70.22 
3/1/2021,  72.81 ,  71.39 ,  71.28 ,  70.11 
3/2/2021,  69.83 ,  68.36 ,  68.16 ,  67.06 
3/3/2021,  69.95 ,  68.44 ,  68.63 ,  67.57 
3/4/2021,  71.48 ,  69.96 ,  69.53 ,  68.47 
3/5/2021,  74.14 ,  72.53 ,  72.16 ,  71.12 
3/8/2021,  76.39 ,  74.56 ,  73.91 ,  72.80 
3/9/2021,  74.22 ,  72.39 ,  71.92 ,  70.99 
3/10/2021,  73.75 ,  71.97 ,  70.96 ,  70.09 
3/11/2021,  75.46 ,  73.90 ,  71.92 ,  71.04 
3/12/2021,  77.00 ,  75.26 ,  73.05 ,  72.24 
3/15/2021,  78.10 ,  76.31 ,  73.51 ,  72.61 
3/16/2021,  75.94 ,  74.04 ,  71.75 ,  70.85 
3/17/2021,  76.46 ,  74.68 ,  71.91 ,  70.98 
3/18/2021,  74.38 ,  72.39 ,  70.26 ,  69.42 
3/19/2021,  71.58 ,  69.65 ,  67.29 ,  66.33 
3/22/2021,  72.04 ,  69.75 ,  68.16 ,  67.21 
3/23/2021,  71.53 ,  69.14 ,  67.04 ,  66.16 
3/24/2021,  69.89 ,  67.45 ,  65.51 ,  64.67 
3/25/2021,  71.79 ,  69.43 ,  66.87 ,  66.03 
3/26/2021,  71.35 ,  69.17 ,  66.31 ,  65.44 
3/29/2021,  72.66 ,  70.48 ,  67.30 ,  66.43 
3/30/2021,  74.12 ,  71.79 ,  67.79 ,  66.97 
3/31/2021,  74.04 ,  71.71 ,  67.42 ,  66.62 
4/1/2021,  72.82 ,  70.21 ,  65.48 ,  64.64 
4/5/2021,  73.48 ,  70.87 ,  67.12 ,  66.17 
4/6/2021,  72.72 ,  70.53 ,  67.24 ,  66.24 
4/7/2021,  71.76 ,  69.51 ,  66.55 ,  65.45 
4/8/2021,  71.63 ,  69.50 ,  66.90 ,  65.76 
4/9/2021,  71.65 ,  69.17 ,  66.73 ,  65.50 
4/12/2021,  71.69 ,  69.54 ,  67.17 ,  66.02 
4/13/2021,  72.17 ,  69.94 ,  67.35 ,  66.19 
4/14/2021,  73.53 ,  71.09 ,  68.51 ,  67.39 
4/15/2021,  75.31 ,  72.87 ,  70.04 ,  68.99 
4/16/2021,  76.38 ,  73.87 ,  70.86 ,  69.71 
4/19/2021,  76.06 ,  73.55 ,  70.55 ,  69.45 
4/20/2021,  77.06 ,  74.77 ,  71.08 ,  70.03 
4/21/2021,  75.04 ,  72.81 ,  69.21 ,  68.13 
4/22/2021,  73.48 ,  71.19 ,  68.37 ,  67.22 
4/23/2021,  73.92 ,  71.91 ,  69.35 ,  68.16 
4/26/2021,  73.22 ,  71.11 ,  69.06 ,  67.82 
4/27/2021,  73.98 ,  71.72 ,  69.95 ,  68.71 
4/28/2021,  74.62 ,  72.46 ,  70.17 ,  68.78 
4/29/2021,  76.30 ,  74.20 ,  71.62 ,  70.21 
4/30/2021,  76.92 ,  74.81 ,  72.36 ,  70.95 
5/3/2021,  75.40 ,  73.34 ,  71.08 ,  69.67 
5/4/2021,  77.44 ,  75.26 ,  72.50 ,  71.10 
5/5/2021,  78.63 ,  76.65 ,  74.45 ,  73.08 
5/6/2021,  78.14 ,  76.13 ,  73.94 ,  72.50 
5/7/2021,  76.45 ,  74.55 ,  72.81 ,  71.34 
5/10/2021,  76.99 ,  75.55 ,  74.07 ,  72.68 
5/11/2021,  75.40 ,  73.86 ,  72.99 ,  71.35 
5/12/2021,  76.69 ,  75.15 ,  74.56 ,  72.80 
5/13/2021,,,,
5/14/2021,  73.49 ,  71.61 ,  72.87 ,  71.01 
5/17/2021,  75.19 ,  73.66 ,  74.95 ,  73.19 
5/18/2021,  77.44 ,  75.58 ,  76.15 ,  74.23 
5/19/2021,  75.55 ,  73.79 ,  74.15 ,  72.11 
5/20/2021,  75.10 ,  73.35 ,  73.43 ,  71.45 
5/21/2021,  72.70 ,  71.04 ,  71.34 ,  69.32 
5/24/2021,  75.86 ,  74.16 ,  74.19 ,  72.12 
5/25/2021,  76.95 ,  75.25 ,  75.08 ,  73.01 
5/26/2021,,,,
5/27/2021,  76.25 ,  74.55 ,  74.49 ,  72.30 
5/28/2021,  77.46 ,  75.76 ,  75.22 ,  72.91 
5/31/2021,  76.39 ,  74.69 ,  75.46 ,  73.16 
6/1/2021,  76.85 ,  75.34 ,  76.42 ,  74.21 
6/2/2021,  76.97 ,  75.46 ,  76.57 ,  74.30 
6/3/2021,  78.12 ,  76.61 ,  77.66 ,  75.41 
6/4/2021,  78.15 ,  76.84 ,  77.78 ,  75.53 
6/7/2021,  77.89 ,  76.58 ,  77.44 ,  75.21 
6/8/2021,  77.08 ,  75.77 ,  77.02 ,  74.69 
6/9/2021,  79.71 ,  78.40 ,  78.68 ,  76.59 
6/10/2021,  79.05 ,  77.74 ,  78.08 ,  76.11 
6/11/2021,  79.98 ,  78.52 ,  78.58 ,  76.73 
6/14/2021,  80.96 ,  79.60 ,  79.00 ,  77.03 
6/15/2021,  79.74 ,  78.37 ,  79.06 ,  77.00 
6/16/2021,  80.63 ,  79.26 ,  80.03 ,  78.07 
6/17/2021,  80.39 ,  79.02 ,  79.69 ,  77.76 
6/18/2021,  79.38 ,  77.92 ,  78.37 ,  76.45 
6/21/2021,  80.58 ,  79.12 ,  79.11 ,  77.16 
6/22/2021,  81.54 ,  80.18 ,  79.73 ,  77.78 
6/23/2021,  83.20 ,  81.53 ,  80.66 ,  78.71 
6/24/2021,  83.67 ,  82.16 ,  80.65 ,  78.70 
6/25/2021,  83.87 ,  82.17 ,  80.53 ,  78.58 
6/28/2021,  83.29 ,  81.59 ,  80.33 ,  78.38 
6/29/2021,  82.49 ,  80.79 ,  79.33 ,  77.38 
6/30/2021,  83.50 ,  81.80 ,  79.26 ,  77.31 
7/1/2021,  84.95 ,  83.06 ,  80.71 ,  78.81 
7/2/2021,  86.05 ,  83.82 ,  80.86 ,  78.99 
7/5/2021,  87.64 ,  85.41 ,  81.74 ,  79.92 
7/6/2021,  89.51 ,  87.11 ,  82.75 ,  80.88 
7/7/2021,  85.92 ,  83.82 ,  80.03 ,  78.17 
7/8/2021,  82.99 ,  80.43 ,  77.41 ,  75.52 
7/9/2021,  85.89 ,  83.63 ,  79.74 ,  77.90 
7/12/2021,  86.09 ,  83.93 ,  80.43 ,  78.56 
7/13/2021,  86.43 ,  84.37 ,  81.29 ,  79.38 
7/14/2021,  86.60 ,  84.54 ,  81.52 ,  79.63 
7/15/2021,  84.31 ,  82.25 ,  79.01 ,  77.10 
7/16/2021,  84.26 ,  82.20 ,  79.20 ,  77.27 
7/19/2021,  83.35 ,  81.18 ,  78.65 ,  76.68 
7/20/2021,,,,
7/21/2021,  80.12 ,  77.95 ,  75.78 ,  73.78 
7/22/2021,  83.34 ,  81.17 ,  78.36 ,  76.36 
7/23/2021,  84.67 ,  82.25 ,  79.42 ,  77.43 
7/26/2021,  84.46 ,  81.90 ,  78.57 ,  76.58 
7/27/2021,  85.83 ,  83.51 ,  79.95 ,  77.89 
7/28/2021,  85.95 ,  83.73 ,  79.97 ,  77.95 
7/29/2021,  86.21 ,  83.99 ,  80.60 ,  78.60 
7/30/2021,  87.05 ,  84.83 ,  81.10 ,  79.11 
8/2/2021,  85.66 ,  83.44 ,  80.46 ,  78.47 
8/3/2021,  84.27 ,  82.05 ,  79.33 ,  77.32 
8/4/2021,  84.11 ,  81.99 ,  78.71 ,  76.73 
8/5/2021,  81.68 ,  79.66 ,  75.92 ,  73.91 
8/6/2021,  83.31 ,  81.27 ,  77.66 ,  75.65 
8/9/2021,,,,
8/10/2021,  81.99 ,  79.67 ,  75.79 ,  73.64 
8/11/2021,  82.70 ,  80.38 ,  76.79 ,  74.50 
8/12/2021,  82.99 ,  80.67 ,  77.30 ,  74.69 
8/13/2021,  82.26 ,  79.94 ,  76.68 ,  73.73 
8/16/2021,  80.74 ,  78.42 ,  75.30 ,  72.26 
8/17/2021,  79.63 ,  77.31 ,  74.94 ,  71.66 
8/18/2021,  80.12 ,  78.32 ,  75.29 ,  71.93 
8/19/2021,  76.52 ,  74.72 ,  72.46 ,  69.12 
8/20/2021,  75.73 ,  74.03 ,  72.25 ,  68.95 
8/23/2021,  75.57 ,  73.87 ,  73.06 ,  69.85 
8/24/2021,  78.84 ,  77.14 ,  75.69 ,  72.50 
8/25/2021,  80.35 ,  78.65 ,  76.86 ,  73.65 
8/26/2021,  80.69 ,  78.96 ,  77.32 ,  74.11 
8/27/2021,  80.83 ,  79.10 ,  78.35 ,  75.16 
8/30/2021,  80.97 ,  78.85 ,  78.38 ,  75.14 
8/31/2021,  80.92 ,  78.80 ,  78.33 ,  75.07 
9/1/2021,  80.63 ,  78.45 ,  79.38 ,  76.04 
9/2/2021,  80.00 ,  78.07 ,  79.06 ,  75.66 
9/3/2021,  82.81 ,  80.78 ,  80.99 ,  77.70 
9/6/2021,  81.72 ,  79.61 ,  79.62 ,  76.26 
9/7/2021,  81.74 ,  79.96 ,  80.04 ,  76.71 
9/8/2021,  81.12 ,  78.97 ,  79.45 ,  76.09 
9/9/2021,  81.73 ,  79.73 ,  79.95 ,  76.60 
9/10/2021,  81.75 ,  79.81 ,  80.27 ,  76.87 
9/13/2021,  82.73 ,  80.79 ,  81.19 ,  77.76 
9/14/2021,  83.70 ,  81.76 ,  81.73 ,  78.30 
9/15/2021,  84.03 ,  82.04 ,  81.65 ,  78.30 
9/16/2021,  84.58 ,  82.82 ,  82.95 ,  79.60 
9/17/2021,  84.30 ,  82.54 ,  83.37 ,  80.06 
9/20/2021,  83.21 ,  81.38 ,  82.32 ,  78.93 
9/21/2021,  84.24 ,  82.24 ,  83.14 ,  79.70 
9/22/2021,  85.06 ,  83.02 ,  83.76 ,  80.39 
9/23/2021,  85.89 ,  83.83 ,  84.84 ,  81.57 
9/24/2021,  86.94 ,  84.99 ,  86.16 ,  82.88 
9/27/2021,  87.94 ,  86.08 ,  88.01 ,  84.73 
9/28/2021,  88.54 ,  86.78 ,  89.15 ,  85.77 
9/29/2021,  87.09 ,  85.10 ,  87.91 ,  84.81 
9/30/2021,  89.10 ,  87.11 ,  89.25 ,  86.16 
10/1/2021,  88.16 ,  85.80 ,  88.52 ,  85.56 
10/4/2021,  89.65 ,  87.29 ,  90.29 ,  87.33 
10/5/2021,  92.44 ,  90.08 ,  93.20 ,  90.28 
10/6/2021,  94.37 ,  92.01 ,  95.37 ,  92.67 
10/7/2021,  90.48 ,  88.46 ,  90.38 ,  87.71 
10/8/2021,  94.69 ,  92.85 ,  95.11 ,  92.54 
10/11/2021,  96.66 ,  94.82 ,  96.60 ,  94.12 
10/12/2021,  96.79 ,  94.50 ,  96.66 ,  94.31 
10/13/2021,  96.31 ,  94.02 ,  95.31 ,  92.97 
10/14/2021,  98.63 ,  96.34 ,  96.74 ,  94.52 
10/15/2021,  99.95 ,  97.13 ,  98.23 ,  96.07 
10/18/2021,  101.95 ,  98.31 ,  98.75 ,  96.85 
10/19/2021,  101.43 ,  97.79 ,  97.68 ,  95.94 
10/20/2021,  100.00 ,  96.36 ,  96.99 ,  95.61 
10/21/2021,  103.01 ,  99.37 ,  97.10 ,  95.62 
10/22/2021,  102.92 ,  99.37 ,  96.75 ,  95.32 
10/25/2021,  106.58 ,  103.03 ,  97.25 ,  95.88 
10/26/2021,  107.16 ,  103.61 ,  97.36 ,  96.02 
10/27/2021,  105.77 ,  102.27 ,  96.70 ,  95.36 
10/28/2021,  102.10 ,  98.60 ,  95.10 ,  93.77 
10/29/2021,  102.56 ,  99.06 ,  95.36 ,  94.06 
11/1/2021,  102.78 ,  99.28 ,  95.35 ,  94.27 
11/2/2021,  104.61 ,  101.11 ,  95.96 ,  94.86 
11/3/2021,  101.99 ,  98.59 ,  94.90 ,  93.71 
11/4/2021,,,,
11/5/2021,  97.97 ,  94.57 ,  93.12 ,  92.24 
11/8/2021,  100.18 ,  96.78 ,  95.78 ,  94.93 
11/9/2021,  99.09 ,  96.34 ,  96.02 ,  95.36 
11/10/2021,  99.97 ,  97.22 ,  97.64 ,  97.14 
11/11/2021,  97.82 ,  95.07 ,  94.38 ,  93.88 
11/12/2021,  96.40 ,  93.51 ,  93.38 ,  92.97 
11/15/2021,  95.75 ,  92.86 ,  91.16 ,  90.79 
11/16/2021,  96.62 ,  94.06 ,  92.79 ,  92.45 
11/17/2021,  95.32 ,  93.11 ,  92.22 ,  91.85 
11/18/2021,  91.73 ,  89.56 ,  89.46 ,  89.19 
11/19/2021,  93.76 ,  91.59 ,  91.64 ,  91.31 
11/22/2021,  89.02 ,  86.98 ,  88.53 ,  88.20 
11/23/2021,  89.59 ,  87.37 ,  88.06 ,  87.67 
11/24/2021,  92.92 ,  90.52 ,  91.39 ,  90.94 
11/25/2021,  92.26 ,  89.86 ,  91.25 ,  90.85 
11/26/2021,  87.03 ,  84.63 ,  85.30 ,  85.06 
11/29/2021,  85.11 ,  82.71 ,  83.48 ,  83.24 
11/30/2021,  82.55 ,  80.15 ,  80.49 ,  80.25 
12/1/2021,  81.95 ,  79.55 ,  80.64 ,  80.40 
12/2/2021,  81.06 ,  78.81 ,  79.80 ,  79.48 
12/3/2021,  83.00 ,  80.53 ,  82.43 ,  82.11 
12/6/2021,  82.57 ,  80.06 ,  81.54 ,  81.13 
12/7/2021,  86.46 ,  83.95 ,  84.72 ,  84.23 
12/8/2021,  88.36 ,  85.85 ,  85.71 ,  85.07 
12/9/2021,  88.91 ,  87.00 ,  86.73 ,  85.97 
12/10/2021,  89.31 ,  86.71 ,  86.30 ,  85.46 
12/13/2021,  90.93 ,  88.33 ,  87.62 ,  86.47 
12/14/2021,  89.94 ,  87.49 ,  87.13 ,  86.03 
12/15/2021,  87.26 ,  84.81 ,  85.74 ,  84.64 
12/16/2021,  87.52 ,  85.12 ,  86.49 ,  85.40 
12/17/2021,  88.45 ,  86.00 ,  86.34 ,  85.27 
12/20/2021,  84.66 ,  82.85 ,  82.53 ,  81.45 
12/21/2021,  85.84 ,  84.03 ,  82.61 ,  81.53 
12/22/2021,  87.89 ,  86.08 ,  85.45 ,  84.23 
12/23/2021,  89.30 ,  87.59 ,  87.13 ,  85.91 
12/24/2021,  90.40 ,  88.46 ,  87.32 ,  86.10 
12/27/2021,,,,
12/28/2021,  91.50 ,  89.56 ,  90.35 ,  89.02 
12/29/2021,  92.28 ,  90.34 ,  90.88 ,  89.55 
12/30/2021,  92.87 ,  90.93 ,  90.63 ,  89.30 
12/31/2021,  92.71 ,  90.67 ,  90.57 ,  89.40 
1/3/2022,  92.68 ,  90.67 ,  90.35 ,  89.18 
1/4/2022,  93.33 ,  91.33 ,  91.32 ,  90.15 
1/5/2022,  93.25 ,  91.25 ,  92.62 ,  91.47 
1/6/2022,  93.43 ,  91.43 ,  93.08 ,  91.99 
1/7/2022,  94.73 ,  92.83 ,  94.56 ,  93.55 
1/10/2022,  94.63 ,  92.73 ,  94.87 ,  93.70 
1/11/2022,  93.68 ,  91.78 ,  94.72 ,  93.44 
1/12/2022,  95.90 ,  94.52 ,  97.73 ,  96.23 
1/13/2022,  97.37 ,  95.70 ,  98.67 ,  97.18 
1/14/2022,  97.53 ,  95.72 ,  100.01 ,  98.48 
1/17/2022,  98.62 ,  97.18 ,  101.43 ,  99.87 
1/18/2022,  100.48 ,  98.70 ,  103.18 ,  101.68 
1/19/2022,  99.52 ,  97.74 ,  102.01 ,  100.51 
1/20/2022,  99.79 ,  97.99 ,  101.82 ,  100.64 
1/21/2022,  99.06 ,  97.26 ,  100.53 ,  99.21 
1/24/2022,  100.77 ,  98.97 ,  103.24 ,  101.98 
1/25/2022,  99.83 ,  98.01 ,  101.66 ,  100.41 
1/26/2022,  101.85 ,  100.03 ,  103.05 ,  101.69 
1/27/2022,  103.47 ,  101.44 ,  104.71 ,  103.38 
1/28/2022,  104.29 ,  101.75 ,  105.81 ,  104.48 
1/31/2022,  105.40 ,  102.40 ,  106.61 ,  105.36 
2/1/2022,,,,
2/2/2022,,,,
2/3/2022,  106.20 ,  103.29 ,  106.04 ,  104.68 
2/4/2022,  107.54 ,  104.96 ,  108.78 ,  107.42 
2/7/2022,  107.84 ,  105.30 ,  110.40 ,  109.40 
2/8/2022,  107.18 ,  105.40 ,  109.28 ,  108.59 
2/9/2022,  106.73 ,  104.95 ,  107.79 ,  107.30 
2/10/2022,  109.70 ,  107.69 ,  109.41 ,  108.90 
2/11/2022,  109.37 ,  107.36 ,  108.77 ,  108.14 
2/14/2022,  112.72 ,  110.29 ,  112.43 ,  111.61 
2/15/2022,  112.36 ,  109.89 ,  111.71 ,  111.03 
2/16/2022,  111.51 ,  109.04 ,  111.52 ,  110.83 
2/17/2022,  109.73 ,  107.26 ,  110.06 ,  109.37 
2/18/2022,  108.20 ,  105.73 ,  107.88 ,  107.12 
2/21/2022,  109.30 ,  106.83 ,  108.49 ,  107.75 
2/22/2022,  114.63 ,  111.69 ,  113.76 ,  113.22 
2/23/2022,  112.27 ,  109.33 ,  110.53 ,  109.99 
2/24/2022,  117.23 ,  114.29 ,  116.36 ,  115.82 
2/25/2022,  115.61 ,  112.67 ,  114.80 ,  114.26 
2/28/2022,  116.20 ,  113.26 ,  115.45 ,  114.91 
3/1/2022,  117.20 ,  114.36 ,  117.81 ,  117.31 
3/2/2022,  125.54 ,  122.70 ,  129.74 ,  129.00 
3/3/2022,  133.35 ,  130.51 ,  137.77 ,  136.58 
3/4/2022,  127.80 ,  123.93 ,  137.55 ,  136.09 
3/7/2022,  145.88 ,  142.01 ,  160.78 ,  158.44 
3/8/2022,  144.86 ,  140.99 ,  160.45 ,  157.65 
3/9/2022,  153.77 ,  149.84 ,  180.93 ,  176.33 
3/10/2022,  137.60 ,  133.67 ,  155.90 ,  150.13 
3/11/2022,  129.40 ,  125.47 ,  134.03 ,  128.26 
3/14/2022,  129.34 ,  125.41 ,  128.84 ,  123.07 
3/15/2022,  119.66 ,  115.73 ,  117.09 ,  111.73 
3/16/2022,  123.86 ,  119.93 ,  122.54 ,  117.67 
3/17/2022,  123.62 ,  119.69 ,  127.72 ,  123.12 
3/18/2022,  129.17 ,  125.24 ,  134.93 ,  130.18 
3/21/2022,  132.08 ,  129.17 ,  144.70 ,  139.97 
3/22/2022,  133.22 ,  129.27 ,  144.19 ,  139.51 
3/23/2022,  133.41 ,  129.46 ,  147.71 ,  143.36 
3/24/2022,  136.26 ,  132.31 ,  153.31 ,  148.96 
3/25/2022,  129.84 ,  125.96 ,  148.78 ,  144.27 
3/28/2022,  129.70 ,  126.25 ,  147.74 ,  142.42 
3/29/2022,  127.09 ,  123.54 ,  143.62 ,  137.94 
3/30/2022,  127.31 ,  123.76 ,  142.89 ,  136.56 
3/31/2022,  126.04 ,  121.81 ,  140.23 ,  133.55 
4/1/2022,  121.89 ,  117.76 ,  138.73 ,  131.16 
4/4/2022,  123.56 ,  120.11 ,  145.67 ,  138.10 
4/5/2022,  126.33 ,  123.47 ,  146.07 ,  138.25 
4/6/2022,  125.49 ,  122.50 ,  146.33 ,  138.06 
4/7/2022,  121.53 ,  118.00 ,  139.13 ,  130.78 
4/8/2022,  121.62 ,  118.51 ,  137.97 ,  129.62 
4/11/2022,  120.69 ,  117.45 ,  137.60 ,  129.08 
4/12/2022,  118.90 ,  116.04 ,  141.44 ,  131.92 
4/13/2022,  123.51 ,  120.84 ,  148.38 ,  138.58 
4/14/2022,  128.75 ,  126.34 ,  156.15 ,  145.67 
4/18/2022,  132.56 ,  129.16 ,  157.85 ,  146.76 
4/19/2022,  132.19 ,  128.79 ,  157.41 ,  146.21 
4/20/2022,  129.09 ,  125.69 ,  155.49 ,  144.13 
4/21/2022,  131.91 ,  128.11 ,  155.79 ,  144.43 
4/22/2022,  132.14 ,  127.78 ,  150.89 ,  140.26 
4/25/2022,  123.79 ,  120.95 ,  145.54 ,  135.94 
4/26/2022,  126.62 ,  123.23 ,  147.14 ,  138.17 
4/27/2022,  131.42 ,  127.28 ,  154.89 ,  145.92 
4/28/2022,  131.78 ,  127.56 ,  154.73 ,  145.86 
4/29/2022,  134.70 ,  130.48 ,  158.86 ,  150.25 
5/2/2022,,,,
5/3/2022,,,,
5/4/2022,  140.09 ,  135.83 ,  161.44 ,  152.83 
5/5/2022,  142.43 ,  138.13 ,  164.72 ,  156.11 
5/6/2022,  142.43 ,  138.12 ,  160.65 ,  151.54 
5/9/2022,  142.68 ,  138.59 ,  156.91 ,  147.96 
5/10/2022,  137.86 ,  134.17 ,  151.18 ,  142.24 
5/11/2022,  135.11 ,  131.42 ,  154.80 ,  145.91 
5/12/2022,  136.37 ,  132.69 ,  150.10 ,  141.03 
5/13/2022,  143.98 ,  139.98 ,  154.08 ,  144.98 
5/16/2022,,,,
5/17/2022,  150.32 ,  146.32 ,  149.66 ,  141.15 
5/18/2022,  153.84 ,  148.70 ,  149.60 ,  141.38 
5/19/2022,  146.74 ,  141.60 ,  140.77 ,  132.62 
5/20/2022,  157.05 ,  148.87 ,  146.02 ,  138.48 
5/23/2022,  149.88 ,  141.70 ,  146.29 ,  138.93 
5/24/2022,  145.87 ,  137.69 ,  145.14 ,  138.35 
5/25/2022,  147.30 ,  139.12 ,  149.24 ,  142.91 
5/26/2022,  150.62 ,  142.44 ,  151.22 ,  144.80 
5/27/2022,  154.26 ,  146.08 ,  155.97 ,  149.49 
5/30/2022,  158.12 ,  149.94 ,  159.29 ,  152.66 
5/31/2022,  157.58 ,  151.07 ,  168.36 ,  161.60 
6/1/2022,  152.71 ,  147.00 ,  167.19 ,  160.77 
6/2/2022,  148.60 ,  144.89 ,  165.25 ,  158.29 
6/3/2022,  153.59 ,  147.60 ,  171.84 ,  165.75 
6/6/2022,  157.41 ,  150.50 ,  177.18 ,  170.61 
6/7/2022,  154.90 ,  148.36 ,  177.22 ,  170.44 
6/8/2022,  153.74 ,  147.20 ,  173.34 ,  166.18 
6/9/2022,  156.64 ,  152.95 ,  175.08 ,  167.92 
6/10/2022,  160.37 ,  155.72 ,  180.12 ,  172.77 
6/13/2022,  154.78 ,  148.55 ,  176.94 ,  169.01 
6/14/2022,  158.09 ,  151.59 ,  179.84 ,  171.02 
6/15/2022,  158.11 ,  151.61 ,  181.73 ,  172.61 
6/16/2022,  156.77 ,  150.27 ,  183.94 ,  175.30 
6/17/2022,  158.05 ,  151.55 ,  186.00 ,  177.17 
6/20/2022,  151.46 ,  143.99 ,  178.68 ,  170.28 
6/21/2022,  160.86 ,  153.59 ,  186.03 ,  177.05 
6/22/2022,  155.26 ,  147.99 ,  179.05 ,  169.83 
6/23/2022,  152.89 ,  145.62 ,  180.15 ,  170.56 
6/24/2022,  153.40 ,  146.82 ,  181.45 ,  171.77 
6/27/2022,  156.51 ,  148.56 ,  179.61 ,  169.93 
6/28/2022,  155.79 ,  148.57 ,  176.62 ,  166.94 
6/29/2022,  154.51 ,  148.02 ,  167.31 ,  157.63 
6/30/2022,  149.53 ,  143.04 ,  165.12 ,  155.45 
7/1/2022,  145.63 ,  137.48 ,  166.96 ,  157.92 
7/4/2022,  148.63 ,  139.90 ,  163.52 ,  154.79 
7/5/2022,  147.38 ,  138.39 ,  163.02 ,  154.52 
7/6/2022,  129.67 ,  120.94 ,  149.39 ,  141.12 
7/7/2022,  123.12 ,  115.72 ,  137.37 ,  129.32 
7/8/2022,  124.75 ,  119.81 ,  150.61 ,  142.56 
7/11/2022,,,,
7/12/2022,  123.08 ,  118.16 ,  147.45 ,  139.40 
7/13/2022,  118.02 ,  112.74 ,  147.91 ,  139.90 
7/14/2022,  112.90 ,  108.26 ,  142.42 ,  134.23 
7/15/2022,  109.56 ,  106.32 ,  142.45 ,  134.14 
7/18/2022,  115.61 ,  111.75 ,  144.23 ,  136.12 
7/19/2022,  118.27 ,  113.99 ,  142.47 ,  134.29 
7/20/2022,  116.26 ,  112.80 ,  138.72 ,  130.49 
7/21/2022,  110.04 ,  106.58 ,  136.55 ,  128.26 
7/22/2022,  107.21 ,  103.75 ,  136.55 ,  128.51 
7/25/2022,  108.26 ,  105.58 ,  131.90 ,  123.86 
7/26/2022,  117.95 ,  114.62 ,  138.51 ,  130.50 
7/27/2022,  117.65 ,  113.07 ,  138.60 ,  130.64 
7/28/2022,  120.10 ,  115.47 ,  144.92 ,  136.96 
7/29/2022,  119.98 ,  115.35 ,  142.87 ,  134.86 
8/1/2022,  117.08 ,  112.70 ,  138.13 ,  130.48 
8/2/2022,  112.54 ,  108.16 ,  133.11 ,  125.72 
8/3/2022,  113.31 ,  109.03 ,  132.41 ,  125.29 
8/4/2022,  108.98 ,  105.03 ,  135.07 ,  128.51 
8/5/2022,  103.67 ,  100.05 ,  130.33 ,  124.34 
8/8/2022,  106.10 ,  102.48 ,  123.72 ,  118.00 
8/9/2022,,,,
8/10/2022,  107.77 ,  104.01 ,  128.06 ,  122.62 
8/11/2022,  112.12 ,  108.86 ,  133.20 ,  127.76 
8/12/2022,  113.60 ,  110.19 ,  136.36 ,  130.96 
8/15/2022,  111.58 ,  107.64 ,  133.90 ,  128.74 
8/16/2022,  108.98 ,  105.36 ,  134.52 ,  129.97 
8/17/2022,  108.96 ,  104.99 ,  134.42 ,  129.85 
8/18/2022,  112.08 ,  107.80 ,  138.33 ,  133.95 
8/19/2022,  112.82 ,  108.54 ,  139.32 ,  134.73 
8/22/2022,  112.57 ,  108.29 ,  142.16 ,  137.52 
8/23/2022,  114.46 ,  110.39 ,  149.14 ,  144.27 
8/24/2022,  115.71 ,  111.94 ,  151.00 ,  146.14 
8/25/2022,  113.24 ,  109.84 ,  157.39 ,  152.50 
8/26/2022,  111.05 ,  108.18 ,  153.83 ,  149.03 
8/29/2022,  111.01 ,  108.18 ,  152.51 ,  147.53 
8/30/2022,  111.35 ,  108.52 ,  150.46 ,  145.48 
8/31/2022,  100.14 ,  97.31 ,  145.27 ,  140.30 
9/1/2022,  96.16 ,  93.33 ,  138.23 ,  132.82 
9/2/2022,  102.97 ,  98.33 ,  140.19 ,  134.67 
9/5/2022,  104.77 ,  99.72 ,  143.73 ,  138.37 
9/6/2022,  106.00 ,  100.90 ,  142.54 ,  137.18 
9/7/2022,  104.14 ,  99.42 ,  137.90 ,  131.30 
9/8/2022,  98.83 ,  94.11 ,  137.48 ,  130.81 
9/9/2022,  101.67 ,  96.95 ,  137.51 ,  130.75 
9/12/2022,  103.99 ,  99.57 ,  139.06 ,  131.96 
9/13/2022,  106.84 ,  102.65 ,  141.43 ,  134.81 
9/14/2022,  103.79 ,  99.60 ,  129.56 ,  123.77 
9/15/2022,  100.85 ,  96.83 ,  118.55 ,  114.39 
9/16/2022,  91.85 ,  87.83 ,  116.93 ,  113.08 
9/19/2022,  91.39 ,  87.37 ,  117.10 ,  113.25 
9/20/2022,  96.92 ,  93.22 ,  125.25 ,  121.70 
9/21/2022,  98.26 ,  94.66 ,  128.86 ,  125.31 
9/22/2022,  95.65 ,  92.05 ,  125.69 ,  123.11 
9/23/2022,  91.01 ,  87.51 ,  121.47 ,  119.36 
9/26/2022,  87.98 ,  84.58 ,  117.37 ,  115.32 
9/27/2022,  90.00 ,  86.60 ,  117.36 ,  115.27 
9/28/2022,  91.40 ,  88.00 ,  118.96 ,  117.24 
9/29/2022,  93.14 ,  89.74 ,  124.22 ,  122.56 
9/30/2022,  93.67 ,  90.27 ,  120.74 ,  119.28 
10/3/2022,  92.40 ,  89.00 ,  124.65 ,  123.12 
10/4/2022,  89.81 ,  86.41 ,  127.44 ,  125.45 
10/5/2022,  94.03 ,  90.76 ,  132.95 ,  130.89 
10/6/2022,  95.31 ,  92.93 ,  140.45 ,  137.87 
10/7/2022,  96.75 ,  94.37 ,  146.04 ,  143.22 
10/10/2022,  97.11 ,  94.38 ,  145.93 ,  142.27 
10/11/2022,  94.47 ,  90.98 ,  136.12 ,  131.86 
10/12/2022,  95.79 ,  92.30 ,  137.68 ,  133.42 
10/13/2022,  94.69 ,  91.20 ,  140.30 ,  136.04 
10/14/2022,  95.58 ,  92.09 ,  140.88 ,  136.70 
10/17/2022,  94.06 ,  90.57 ,  138.91 ,  134.88 
10/18/2022,  94.79 ,  91.30 ,  140.59 ,  136.56 
10/19/2022,  92.75 ,  89.26 ,  134.58 ,  130.10 
10/20/2022,  96.51 ,  92.69 ,  139.62 ,  135.14 
10/21/2022,  96.92 ,  92.11 ,  133.37 ,  129.44 
10/24/2022,,,,
10/25/2022,  95.72 ,  90.91 ,  134.58 ,  130.65 
10/26/2022,  93.46 ,  88.65 ,  135.05 ,  131.53 
10/27/2022,  96.01 ,  91.40 ,  137.71 ,  135.38 
10/28/2022,  97.59 ,  93.01 ,  139.57 ,  136.92 
10/31/2022,  93.99 ,  89.47 ,  138.42 ,  135.38 
11/1/2022,  95.76 ,  91.14 ,  136.78 ,  133.41 
11/2/2022,  98.03 ,  93.41 ,  131.75 ,  128.84 
11/3/2022,  100.31 ,  95.21 ,  132.13 ,  129.96 
11/4/2022,  105.43 ,  99.34 ,  136.67 ,  134.89 
11/7/2022,  106.48 ,  100.39 ,  136.90 ,  135.16 
11/8/2022,  104.39 ,  98.30 ,  136.30 ,  134.66 
11/9/2022,  100.73 ,  94.40 ,  135.46 ,  133.62 
11/10/2022,  98.47 ,  92.14 ,  131.31 ,  129.08 
11/11/2022,  102.32 ,  96.25 ,  134.87 ,  132.59 
11/14/2022,  103.69 ,  97.26 ,  133.66 ,  132.09 
11/15/2022,  100.19 ,  93.76 ,  130.54 ,  128.81 
11/16/2022,  100.84 ,  95.34 ,  132.07 ,  130.34 
11/17/2022,  99.87 ,  94.70 ,  130.60 ,  129.17 
11/18/2022,  97.81 ,  92.64 ,  125.72 ,  124.15 
11/21/2022,  96.47 ,  91.47 ,  122.11 ,  121.00 
11/22/2022,  98.05 ,  93.15 ,  122.97 ,  121.92 
11/23/2022,  98.13 ,  93.33 ,  122.25 ,  121.38 
11/24/2022,  94.00 ,  89.20 ,  117.83 ,  117.23 
11/25/2022,  94.68 ,  89.37 ,  117.44 ,  116.75 
11/28/2022,  89.04 ,  83.82 ,  112.20 ,  111.77 
11/29/2022,  90.34 ,  87.04 ,  114.90 ,  114.54 
11/30/2022,  91.01 ,  87.21 ,  117.29 ,  116.93 
12/1/2022,  92.63 ,  88.83 ,  119.82 ,  119.46 
12/2/2022,  91.04 ,  87.24 ,  118.44 ,  118.08 
12/5/2022,  91.30 ,  87.26 ,  116.21 ,  115.84 
12/6/2022,  89.25 ,  84.42 ,  111.29 ,  110.77 
12/7/2022,  86.69 ,  81.81 ,  107.03 ,  106.44 
12/8/2022,  84.84 ,  79.96 ,  103.18 ,  102.70 
12/9/2022,  83.33 ,  78.76 ,  106.52 ,  105.70 
12/12/2022,  82.74 ,  78.27 ,  103.33 ,  102.50 
12/13/2022,  88.19 ,  83.72 ,  110.92 ,  110.09 
12/14/2022,  89.34 ,  85.10 ,  116.02 ,  115.19 
12/15/2022,  89.72 ,  85.63 ,  121.11 ,  120.28 
12/16/2022,  87.42 ,  83.34 ,  119.64 ,  118.07 
12/19/2022,  86.23 ,  82.76 ,  114.48 ,  112.54 
12/20/2022,  87.05 ,  83.67 ,  111.45 ,  108.81 
12/21/2022,  88.49 ,  85.11 ,  113.57 ,  110.89 
12/22/2022,  90.75 ,  87.37 ,  115.26 ,  112.58 
12/23/2022,  91.19 ,  87.69 ,  112.96 ,  110.28 
12/27/2022,  94.32 ,  90.78 ,  119.53 ,  116.85 
12/28/2022,  94.41 ,  90.87 ,  119.00 ,  116.32 
12/29/2022,  93.10 ,  89.58 ,  116.72 ,  113.70 
12/30/2022,  95.33 ,  92.37 ,  116.24 ,  113.64 
1/3/2023,  97.57 ,  94.18 ,  116.40 ,  113.80 
1/4/2023,  91.37 ,  87.81 ,  109.00 ,  107.10 
1/5/2023,  89.50 ,  86.17 ,  109.13 ,  107.44 
1/6/2023,  89.96 ,  86.45 ,  107.60 ,  106.09 
1/9/2023,  91.95 ,  88.91 ,  110.53 ,  109.02 
1/10/2023,  91.78 ,  88.20 ,  109.54 ,  108.03 
1/11/2023,  92.88 ,  90.24 ,  112.74 ,  111.10 
1/12/2023,  96.44 ,  93.41 ,  115.63 ,  113.60 
1/13/2023,  98.49 ,  95.56 ,  118.20 ,  116.07 
1/16/2023,  100.22 ,  97.34 ,  119.13 ,  116.83 
1/17/2023,  99.53 ,  96.60 ,  119.52 ,  117.22 
1/18/2023,  104.42 ,  100.65 ,  118.73 ,  116.43 
1/19/2023,  102.68 ,  98.91 ,  118.85 ,  116.55 
1/20/2023,  108.41 ,  104.52 ,  121.96 ,  119.39 
1/23/2023,,,,
1/24/2023,,,,
1/25/2023,  108.49 ,  104.60 ,  124.33 ,  122.30 
1/26/2023,  106.44 ,  102.55 ,  120.07 ,  117.54 
1/27/2023,  106.96 ,  103.07 ,  122.61 ,  119.90 
1/30/2023,  103.02 ,  99.60 ,  117.92 ,  115.02 
1/31/2023,  100.82 ,  97.40 ,  114.53 ,  111.57 
2/1/2023,  101.96 ,  98.95 ,  118.33 ,  115.50 
2/2/2023,  99.11 ,  95.76 ,  111.68 ,  108.89 
2/3/2023,  98.40 ,  95.22 ,  110.37 ,  107.59 
2/6/2023,  95.36 ,  92.18 ,  105.71 ,  102.91 
2/7/2023,  99.82 ,  96.64 ,  105.23 ,  102.57 
2/8/2023,  101.46 ,  98.66 ,  109.52 ,  106.52 
2/9/2023,  101.67 ,  98.31 ,  109.87 ,  106.49 
2/10/2023,  100.75 ,  97.39 ,  107.27 ,  103.32 
2/13/2023,  101.39 ,  98.03 ,  107.58 ,  102.83 
2/14/2023,  102.27 ,  98.82 ,  110.72 ,  105.95 
2/15/2023,  100.25 ,  97.20 ,  110.73 ,  106.12 
2/16/2023,  101.81 ,  98.25 ,  108.97 ,  104.46 
2/17/2023,  97.23 ,  93.67 ,  104.47 ,  99.68 
2/20/2023,  98.71 ,  95.15 ,  104.66 ,  99.67 
2/21/2023,  99.88 ,  96.02 ,  103.80 ,  98.81 
2/22/2023,  98.35 ,  94.49 ,  105.23 ,  100.47 
2/23/2023,  95.63 ,  92.21 ,  102.47 ,  97.53 
2/24/2023,  98.38 ,  94.60 ,  104.94 ,  100.00 
2/27/2023,  97.95 ,  94.17 ,  106.53 ,  101.59 
2/28/2023,  97.38 ,  93.60 ,  105.81 ,  101.30 
3/1/2023,  99.58 ,  95.48 ,  108.04 ,  103.53 
3/2/2023,  98.32 ,  94.79 ,  108.01 ,  103.69 
3/3/2023,  99.52 ,  95.94 ,  109.25 ,  105.03 
3/6/2023,  102.46 ,  98.72 ,  110.59 ,  106.36 
3/7/2023,  103.32 ,  99.68 ,  110.06 ,  105.69 
3/8/2023,  100.25 ,  96.08 ,  106.94 ,  102.66 
3/9/2023,  100.42 ,  96.24 ,  105.15 ,  100.87 
3/10/2023,  98.15 ,  93.96 ,  101.60 ,  97.33 
3/13/2023,  100.82 ,  96.55 ,  106.19 ,  101.86 
3/14/2023,  99.50 ,  95.23 ,  103.22 ,  98.74 
3/15/2023,  100.58 ,  96.31 ,  103.12 ,  98.52 
3/16/2023,  93.04 ,  88.77 ,  96.75 ,  91.90 
3/17/2023,  94.51 ,  90.24 ,  100.70 ,  95.85 
3/20/2023,  90.62 ,  86.35 ,  95.70 ,  91.03 
3/21/2023,  94.83 ,  90.56 ,  99.01 ,  94.91 
3/22/2023,  95.36 ,  91.09 ,  99.46 ,  95.99 
3/23/2023,  98.36 ,  93.72 ,  101.25 ,  98.16 
3/24/2023,  99.47 ,  94.83 ,  99.82 ,  96.64 
3/27/2023,  98.43 ,  93.79 ,  98.59 ,  95.57 
3/28/2023,  100.76 ,  96.12 ,  101.78 ,  98.94 
3/29/2023,  100.89 ,  96.25 ,  100.91 ,  98.06 
3/30/2023,  98.70 ,  94.16 ,  99.56 ,  97.08 
3/31/2023,  97.85 ,  93.88 ,  99.15 ,  96.67 
4/3/2023,  104.44 ,  101.65 ,  104.52 ,  102.04 
4/4/2023,  104.98 ,  102.26 ,  104.20 ,  102.04 
4/5/2023,  104.30 ,  101.89 ,  102.70 ,  100.75 
4/6/2023,  104.85 ,  101.62 ,  103.79 ,  101.84 
4/10/2023,  104.79 ,  100.78 ,  102.41 ,  100.85 
4/11/2023,  104.60 ,  101.38 ,  100.72 ,  99.18 
4/12/2023,  103.61 ,  100.39 ,  100.10 ,  98.49 
4/13/2023,  103.73 ,  100.51 ,  101.90 ,  100.37 
4/14/2023,  104.05 ,  100.80 ,  100.77 ,  99.47 
4/17/2023,  102.26 ,  97.65 ,  99.54 ,  98.23 
4/18/2023,  100.71 ,  96.10 ,  98.82 ,  97.55 
4/19/2023,  99.64 ,  95.03 ,  97.38 ,  96.18 
4/20/2023,  96.41 ,  91.80 ,  95.44 ,  94.11 
4/21/2023,  95.76 ,  91.15 ,  94.21 ,  93.02 
4/24/2023,  95.41 ,  90.80 ,  94.82 ,  93.38 
4/25/2023,  97.58 ,  92.97 ,  97.57 ,  96.13 
4/26/2023,  93.87 ,  90.64 ,  94.61 ,  93.07 
4/27/2023,  92.11 ,  88.88 ,  91.20 ,  89.70 
4/28/2023,  91.86 ,  88.04 ,  90.27 ,  88.79 
5/1/2023,,,,
5/2/2023,  92.67 ,  88.95 ,  90.94 ,  89.85 
5/3/2023,  87.43 ,  83.71 ,  84.45 ,  83.40 
5/4/2023,  85.19 ,  81.70 ,  84.94 ,  84.25 
5/5/2023,  86.24 ,  81.92 ,  86.41 ,  85.83 
5/8/2023,  88.68 ,  84.00 ,  89.31 ,  88.76 
5/9/2023,  87.67 ,  82.99 ,  89.14 ,  88.58 
5/10/2023,  89.05 ,  84.47 ,  89.46 ,  88.90 
5/11/2023,  90.33 ,  85.82 ,  90.87 ,  90.32 
5/12/2023,  88.01 ,  83.60 ,  88.07 ,  87.52 
5/15/2023,  87.27 ,  82.86 ,  87.30 ,  86.79 
5/16/2023,  88.34 ,  83.93 ,  89.94 ,  89.35 
5/17/2023,  88.17 ,  83.76 ,  89.41 ,  88.77 
5/18/2023,  92.14 ,  87.52 ,  91.57 ,  90.81 
5/19/2023,  93.17 ,  88.53 ,  91.59 ,  90.73 
5/22/2023,  91.98 ,  87.34 ,  89.34 ,  88.57 
5/23/2023,  92.43 ,  87.79 ,  89.70 ,  89.03 
5/24/2023,  94.20 ,  89.56 ,  90.56 ,  90.03 
5/25/2023,  93.99 ,  89.35 ,  91.16 ,  90.49 
5/26/2023,  92.33 ,  86.98 ,  89.76 ,  89.09 
5/29/2023,  92.78 ,  87.43 ,  90.82 ,  90.15 
5/30/2023,  92.01 ,  86.66 ,  89.68 ,  88.95 
5/31/2023,  89.74 ,  84.39 ,  86.89 ,  86.16 
6/1/2023,  89.74 ,  84.29 ,  86.92 ,  86.19 
6/2/2023,,,,
6/5/2023,  94.33 ,  88.88 ,  92.58 ,  91.87 
6/6/2023,  92.11 ,  86.33 ,  89.85 ,  89.14 
6/7/2023,  92.57 ,  87.67 ,  91.20 ,  90.47 
6/8/2023,  94.97 ,  90.07 ,  92.87 ,  92.01 
6/9/2023,  95.08 ,  90.18 ,  92.38 ,  91.63 
6/12/2023,  93.07 ,  88.17 ,  89.60 ,  88.87 
6/13/2023,  90.83 ,  85.93 ,  89.55 ,  88.62 
6/14/2023,  92.71 ,  87.81 ,  92.62 ,  91.60 
6/15/2023,  92.62 ,  86.80 ,  90.81 ,  89.93 
6/16/2023,  95.57 ,  89.14 ,  95.03 ,  94.15 
6/19/2023,  94.77 ,  89.63 ,  96.04 ,  95.16 
6/20/2023,  93.64 ,  89.16 ,  94.70 ,  93.68 
6/21/2023,  93.33 ,  88.48 ,  93.61 ,  92.55 
6/22/2023,  93.35 ,  88.60 ,  95.80 ,  94.85 
6/23/2023,  90.68 ,  85.60 ,  91.33 ,  90.38 
6/26/2023,  90.19 ,  85.45 ,  91.70 ,  90.85 
6/27/2023,  91.06 ,  86.40 ,  93.47 ,  92.96 
6/28/2023,  89.98 ,  85.40 ,  91.65 ,  91.14 
6/29/2023,,,,
6/30/2023,  92.58 ,  87.54 ,  92.92 ,  92.41 
7/3/2023,  91.82 ,  86.14 ,  92.33 ,  91.70 
7/4/2023,  90.60 ,  84.26 ,  92.13 ,  91.67 
7/5/2023,  90.00 ,  83.76 ,  93.59 ,  93.08 
7/6/2023,  90.75 ,  85.26 ,  95.67 ,  94.97 
7/7/2023,  93.61 ,  87.57 ,  96.40 ,  95.70 
7/10/2023,  93.33 ,  87.39 ,  97.78 ,  96.82 
7/11/2023,  95.24 ,  89.40 ,  98.44 ,  97.50 
7/12/2023,  96.85 ,  91.01 ,  100.06 ,  99.12 
7/13/2023,  98.61 ,  92.77 ,  101.23 ,  100.32 
7/14/2023,  99.69 ,  93.85 ,  100.71 ,  99.89 
7/17/2023,  98.33 ,  92.60 ,  98.95 ,  98.25 
7/18/2023,  100.17 ,  94.40 ,  99.12 ,  98.59 
7/19/2023,  100.25 ,  94.48 ,  100.93 ,  100.42 
7/20/2023,  102.22 ,  96.45 ,  102.87 ,  102.23 
7/21/2023,  103.58 ,  97.81 ,  104.31 ,  103.67 
7/24/2023,  105.23 ,  99.46 ,  106.55 ,  105.88 
7/25/2023,  104.95 ,  99.18 ,  108.01 ,  107.28 
7/26/2023,  104.23 ,  98.73 ,  108.40 ,  107.57 
7/27/2023,  106.11 ,  100.61 ,  111.37 ,  110.54 
7/28/2023,  106.44 ,  100.82 ,  112.70 ,  111.75 
7/31/2023,  106.83 ,  101.21 ,  115.32 ,  114.32 
8/1/2023,  107.68 ,  102.06 ,  117.96 ,  116.40 
8/2/2023,  105.24 ,  99.62 ,  119.94 ,  118.20 
8/3/2023,  100.79 ,  95.17 ,  117.58 ,  115.88 
8/4/2023,  103.37 ,  97.75 ,  120.18 ,  118.54 
8/7/2023,  104.60 ,  98.98 ,  117.71 ,  116.10 
8/8/2023,  104.52 ,  98.90 ,  115.44 ,  113.68 
8/9/2023,,,,
8/10/2023,  110.59 ,  104.97 ,  123.03 ,  120.81 
8/11/2023,  109.20 ,  103.58 ,  120.82 ,  118.61 
8/14/2023,  110.18 ,  104.56 ,  119.74 ,  117.35 
8/15/2023,  109.11 ,  103.49 ,  118.63 ,  116.69 
8/16/2023,  108.01 ,  102.39 ,  116.70 ,  115.10 
8/17/2023,  107.28 ,  101.66 ,  116.79 ,  115.19 
8/18/2023,  106.52 ,  100.90 ,  119.05 ,  117.39 
8/21/2023,  107.43 ,  101.81 ,  120.94 ,  119.28 
8/22/2023,  107.66 ,  101.60 ,  117.89 ,  115.97 
8/23/2023,  109.25 ,  103.29 ,  119.18 ,  117.00 
8/24/2023,  109.29 ,  103.33 ,  118.47 ,  116.29 
8/25/2023,  111.48 ,  104.98 ,  120.65 ,  118.47 
8/28/2023,  110.73 ,  104.77 ,  123.98 ,  121.46 
8/29/2023,  109.27 ,  103.31 ,  121.25 ,  118.16 
8/30/2023,  108.60 ,  102.94 ,  121.78 ,  118.57 
8/31/2023,  107.85 ,  102.29 ,  118.28 ,  115.18 
9/1/2023,,,,
9/4/2023,  109.70 ,  104.14 ,  119.63 ,  116.72 
9/5/2023,  108.82 ,  103.36 ,  120.47 ,  117.87 
9/6/2023,  107.37 ,  101.91 ,  122.83 ,  120.41 
9/7/2023,  109.30 ,  103.16 ,  122.04 ,  119.76 
9/8/2023,  110.30 ,  104.16 ,  123.92 ,  121.76 
9/11/2023,  110.81 ,  104.67 ,  125.07 ,  122.84 
9/12/2023,  111.73 ,  106.16 ,  126.30 ,  124.05 
9/13/2023,  113.59 ,  107.20 ,  126.34 ,  123.92 
9/14/2023,  115.33 ,  108.81 ,  128.34 ,  125.93 
9/15/2023,  118.27 ,  111.75 ,  131.40 ,  128.80 
9/18/2023,  116.94 ,  110.42 ,  127.22 ,  124.11 
9/19/2023,  114.16 ,  108.68 ,  124.35 ,  121.18 
9/20/2023,  111.39 ,  105.91 ,  124.81 ,  121.64 
9/21/2023,  109.00 ,  103.74 ,  125.85 ,  122.68 
9/22/2023,  109.24 ,  103.78 ,  127.87 ,  124.70 
9/25/2023,  107.55 ,  102.09 ,  127.11 ,  123.94 
9/26/2023,  105.49 ,  100.03 ,  122.53 ,  119.36 
9/27/2023,  106.44 ,  100.98 ,  125.61 ,  122.45 
9/28/2023,  106.97 ,  101.51 ,  128.33 ,  125.30 
9/29/2023,  103.14 ,  98.33 ,  128.21 ,  125.12 
10/2/2023,  100.25 ,  95.44 ,  128.71 ,  125.12 
10/3/2023,  99.10 ,  94.29 ,  124.51 ,  120.85 
10/4/2023,  96.25 ,  91.44 ,  120.79 ,  117.04 
10/5/2023,  94.03 ,  88.92 ,  114.36 ,  110.50 
10/6/2023,  94.04 ,  88.93 ,  110.90 ,  106.60 
10/9/2023,  97.89 ,  92.78 ,  115.75 ,  111.10 
10/10/2023,  97.59 ,  92.48 ,  114.92 ,  110.01 
10/11/2023,  98.30 ,  93.19 ,  117.48 ,  112.75 
10/12/2023,  97.17 ,  92.06 ,  116.25 ,  111.72 
10/13/2023,  97.73 ,  92.62 ,  118.60 ,  114.48 
10/16/2023,  98.53 ,  93.52 ,  121.30 ,  117.27 
10/17/2023,  98.31 ,  93.30 ,  119.44 ,  115.28 
10/18/2023,  100.47 ,  95.78 ,  119.81 ,  115.49 
10/19/2023,  99.99 ,  95.30 ,  117.44 ,  112.96 
10/20/2023,  101.08 ,  96.39 ,  120.22 ,  115.96 
10/23/2023,  101.59 ,  96.90 ,  119.70 ,  115.61 
10/24/2023,  100.67 ,  94.84 ,  116.26 ,  112.17 
10/25/2023,  100.31 ,  94.48 ,  113.09 ,  109.00 
10/26/2023,  101.54 ,  95.71 ,  114.96 ,  110.73 
10/27/2023,  102.52 ,  96.69 ,  115.95 ,  111.57 
10/30/2023,  100.61 ,  94.78 ,  113.32 ,  108.94 
10/31/2023,  98.40 ,  93.32 ,  112.36 ,  108.06 
11/1/2023,  98.91 ,  93.83 ,  112.60 ,  108.28 
11/2/2023,  99.40 ,  94.32 ,  113.42 ,  108.99 
11/3/2023,  101.13 ,  96.10 ,  115.43 ,  110.89 
11/6/2023,  100.53 ,  95.50 ,  112.34 ,  107.91 
11/7/2023,  98.68 ,  93.65 ,  109.60 ,  105.82 
11/8/2023,  98.37 ,  92.57 ,  105.98 ,  102.55 
11/9/2023,  97.12 ,  91.32 ,  102.14 ,  99.33 
11/10/2023,  99.49 ,  93.00 ,  101.25 ,  98.54 
11/13/2023,,,,
11/14/2023,  100.93 ,  94.44 ,  105.56 ,  103.03 
11/15/2023,  99.07 ,  92.58 ,  105.12 ,  102.77 
11/16/2023,  97.41 ,  90.92 ,  105.77 ,  103.42 
11/17/2023,  92.67 ,  86.18 ,  101.05 ,  98.59 
11/20/2023,  95.93 ,  90.20 ,  104.19 ,  101.48 
11/21/2023,  97.03 ,  91.30 ,  105.73 ,  103.03 
11/22/2023,  97.80 ,  92.07 ,  107.67 ,  104.97 
11/23/2023,  97.46 ,  91.73 ,  105.19 ,  102.49 
11/24/2023,  97.30 ,  92.04 ,  105.38 ,  102.76 
11/27/2023,  95.87 ,  90.61 ,  103.57 ,  100.86 
11/28/2023,  97.35 ,  92.09 ,  103.77 ,  101.06 
11/29/2023,  97.57 ,  92.31 ,  105.27 ,  102.56 
11/30/2023,  99.12 ,  93.86 ,  106.34 ,  103.63 
12/1/2023,  94.35 ,  89.42 ,  102.40 ,  99.61 
12/4/2023,  91.52 ,  86.59 ,  99.71 ,  97.01 
12/5/2023,  91.34 ,  88.24 ,  100.45 ,  97.80 
12/6/2023,  90.84 ,  87.14 ,  99.55 ,  97.00 
12/7/2023,  88.61 ,  84.60 ,  97.48 ,  94.87 
12/8/2023,  88.92 ,  85.16 ,  98.19 ,  95.58 
12/11/2023,  89.36 ,  85.25 ,  98.12 ,  95.62 
12/12/2023,  89.49 ,  85.38 ,  98.85 ,  96.16 
12/13/2023,  86.34 ,  82.33 ,  94.66 ,  91.89 
12/14/2023,  89.61 ,  85.72 ,  98.43 ,  95.66 
12/15/2023,  92.40 ,  88.51 ,  99.84 ,  96.89 
12/18/2023,  92.11 ,  88.22 ,  99.92 ,  96.97 
12/19/2023,  92.98 ,  88.92 ,  100.92 ,  97.98 
12/20/2023,  94.65 ,  90.59 ,  103.28 ,  100.90 
12/21/2023,  92.19 ,  88.13 ,  101.66 ,  99.42 
12/22/2023,  92.07 ,  88.01 ,  101.65 ,  99.67 
12/26/2023,  91.46 ,  87.40 ,  100.67 ,  98.69 
12/27/2023,  93.65 ,  89.64 ,  101.29 ,  99.19 
12/28/2023,  92.76 ,  88.75 ,  100.33 ,  98.12 
12/29/2023,  91.63 ,  87.62 ,  98.19 ,  95.98 
1/2/2024,  91.02 ,  87.76 ,  100.57 ,  98.26 
1/3/2024,  89.52 ,  85.71 ,  97.16 ,  94.83 
1/4/2024,  93.42 ,  89.28 ,  100.85 ,  98.86 
1/5/2024,  91.45 ,  87.25 ,  99.98 ,  98.16 
1/8/2024,  90.91 ,  86.69 ,  100.14 ,  98.43 
1/9/2024,  89.32 ,  85.10 ,  99.07 ,  97.63 
1/10/2024,  91.68 ,  87.36 ,  100.67 ,  99.35 
1/11/2024,  91.48 ,  87.16 ,  100.14 ,  98.77 
1/12/2024,  95.45 ,  90.36 ,  104.42 ,  103.01 
1/15/2024,  94.05 ,  88.96 ,  102.12 ,  100.69 
1/16/2024,  94.90 ,  89.81 ,  103.00 ,  101.74 
1/17/2024,  93.09 ,  88.00 ,  101.48 ,  100.01 
1/18/2024,  95.56 ,  90.17 ,  102.51 ,  101.01 
1/19/2024,  97.74 ,  92.24 ,  103.82 ,  102.11 
1/22/2024,  97.16 ,  91.91 ,  101.78 ,  100.10 
1/23/2024,  101.07 ,  95.39 ,  104.47 ,  102.79 
1/24/2024,  100.72 ,  95.05 ,  103.91 ,  102.23 
1/25/2024,  101.96 ,  96.49 ,  104.56 ,  102.85 
1/26/2024,  102.80 ,  97.55 ,  107.18 ,  105.69 
1/29/2024,  105.17 ,  100.30 ,  108.85 ,  106.99 
1/30/2024,  101.74 ,  97.10 ,  108.16 ,  106.38 
1/31/2024,  101.30 ,  96.66 ,  107.46 ,  105.68 
2/1/2024,  100.01 ,  95.37 ,  108.05 ,  106.25 
2/2/2024,  98.45 ,  93.62 ,  105.54 ,  103.77 
2/5/2024,  97.00 ,  92.17 ,  104.12 ,  102.41 
2/6/2024,  98.21 ,  93.38 ,  106.12 ,  104.41 
2/7/2024,  98.09 ,  93.26 ,  106.84 ,  105.08 
2/8/2024,  99.61 ,  95.45 ,  107.90 ,  106.32 
2/9/2024,  101.05 ,  96.89 ,  109.26 ,  107.62 
2/12/2024,,,,
2/13/2024,  102.91 ,  98.69 ,  111.57 ,  109.85 
2/14/2024,  103.66 ,  99.44 ,  110.49 ,  108.84 
2/15/2024,  99.92 ,  95.56 ,  107.27 ,  105.61 
2/16/2024,  100.76 ,  96.40 ,  107.23 ,  105.57 
2/19/2024,  100.24 ,  95.65 ,  106.49 ,  104.97 
2/20/2024,  99.02 ,  94.35 ,  107.11 ,  105.66 
2/21/2024,  98.60 ,  93.93 ,  104.78 ,  103.36 
2/22/2024,  100.78 ,  96.11 ,  105.43 ,  104.09 
2/23/2024,  101.23 ,  96.56 ,  105.83 ,  104.61 
2/26/2024,  99.18 ,  94.51 ,  103.58 ,  102.40 
2/27/2024,  101.65 ,  96.98 ,  105.84 ,  104.49 
2/28/2024,  102.04 ,  97.37 ,  104.30 ,  102.97 
2/29/2024,  100.80 ,  96.13 ,  102.71 ,  101.38 
3/1/2024,  99.03 ,  94.59 ,  103.64 ,  102.24 
3/4/2024,  98.26 ,  93.82 ,  104.74 ,  103.56 
3/5/2024,  98.94 ,  94.50 ,  102.30 ,  101.08 
3/6/2024,  97.08 ,  93.64 ,  101.74 ,  100.57 
3/7/2024,  98.14 ,  94.20 ,  102.89 ,  101.79 
3/8/2024,  99.79 ,  95.41 ,  104.89 ,  104.01 
3/11/2024,  98.19 ,  93.78 ,  102.43 ,  101.74 
3/12/2024,  99.19 ,  94.68 ,  103.48 ,  102.89 
3/13/2024,  98.51 ,  94.13 ,  101.83 ,  100.94 
3/14/2024,  99.80 ,  95.93 ,  104.44 ,  103.47 
3/15/2024,  100.94 ,  97.07 ,  104.43 ,  103.34 
3/18/2024,  103.56 ,  99.21 ,  106.52 ,  105.54 
3/19/2024,  103.30 ,  99.29 ,  107.55 ,  106.65 
3/20/2024,  104.40 ,  100.20 ,  105.52 ,  104.45 
3/21/2024,  104.78 ,  100.55 ,  104.41 ,  103.50 
3/22/2024,  105.55 ,  100.94 ,  104.19 ,  103.24 
3/25/2024,  105.67 ,  101.06 ,  103.42 ,  102.40 
3/26/2024,  105.19 ,  100.58 ,  103.98 ,  102.94 
3/27/2024,  103.90 ,  99.29 ,  102.06 ,  101.24 
3/28/2024,  104.58 ,  99.97 ,  102.72 ,  101.90 
4/1/2024,  106.58 ,  103.25 ,  104.13 ,  103.21 
4/2/2024,  106.91 ,  102.56 ,  104.86 ,  103.96 
4/3/2024,  107.09 ,  102.74 ,  107.56 ,  106.51 
4/4/2024,  106.36 ,  102.01 ,  107.66 ,  106.71 
4/5/2024,  107.02 ,  102.67 ,  108.93 ,  108.05 
4/8/2024,  106.27 ,  101.92 ,  108.66 ,  107.73 
4/9/2024,  106.43 ,  101.97 ,  108.38 ,  107.38 
4/10/2024,,,,
4/11/2024,  107.79 ,  103.38 ,  108.14 ,  107.04 
4/12/2024,  108.62 ,  104.21 ,  107.67 ,  106.57 
4/15/2024,  107.89 ,  103.48 ,  106.25 ,  105.13 
4/16/2024,  108.46 ,  104.05 ,  106.30 ,  105.18 
4/17/2024,  108.41 ,  104.00 ,  105.88 ,  104.48 
4/18/2024,  105.32 ,  100.91 ,  101.86 ,  100.25 
4/19/2024,  105.41 ,  101.00 ,  100.68 ,  99.17 
4/22/2024,  104.36 ,  99.95 ,  100.58 ,  99.16 
4/23/2024,  104.94 ,  100.53 ,  102.67 ,  101.39 
4/24/2024,  105.05 ,  100.64 ,  102.13 ,  100.90 
4/25/2024,  105.56 ,  101.15 ,  102.19 ,  100.90 
4/26/2024,  106.10 ,  101.69 ,  101.78 ,  100.49 
4/29/2024,  106.05 ,  101.64 ,  101.28 ,  99.91 
4/30/2024,  105.30 ,  100.89 ,  101.21 ,  99.84 
5/1/2024,,,,
5/2/2024,  100.51 ,  96.10 ,  97.79 ,  96.42 
5/3/2024,  98.84 ,  95.37 ,  97.12 ,  95.75 
5/6/2024,  98.20 ,  94.30 ,  97.20 ,  95.83 
5/7/2024,  98.51 ,  93.98 ,  97.76 ,  96.60 
5/8/2024,  95.84 ,  90.88 ,  96.50 ,  95.22 
5/9/2024,  96.86 ,  91.90 ,  98.98 ,  97.62 
5/10/2024,  97.03 ,  92.07 ,  98.72 ,  97.30 
5/13/2024,  96.40 ,  91.44 ,  97.09 ,  95.67 
5/14/2024,  95.49 ,  90.53 ,  97.22 ,  94.86 
5/15/2024,  94.93 ,  89.97 ,  96.97 ,  94.65 
5/16/2024,  96.38 ,  91.42 ,  96.84 ,  94.73 
5/17/2024,  97.35 ,  92.39 ,  97.96 ,  96.15 
5/20/2024,  97.43 ,  93.46 ,  98.57 ,  96.87 
5/21/2024,  95.40 ,  91.42 ,  97.51 ,  95.87 
5/22/2024,,,,
5/23/2024,  93.75 ,  90.22 ,  95.97 ,  94.23 
5/24/2024,  92.47 ,  88.81 ,  95.17 ,  93.59 
5/27/2024,  92.46 ,  88.80 ,  95.92 ,  94.47 
5/28/2024,  92.45 ,  88.92 ,  97.93 ,  96.50 
5/29/2024,  93.52 ,  89.23 ,  99.30 ,  97.87 
5/30/2024,  90.86 ,  86.57 ,  97.24 ,  95.97 
5/31/2024,  90.78 ,  85.96 ,  95.92 ,  94.65 
6/3/2024,  91.38 ,  86.43 ,  95.41 ,  94.18 
6/4/2024,  88.04 ,  83.24 ,  91.71 ,  90.88 
6/5/2024,  89.43 ,  84.63 ,  92.36 ,  91.77 
6/6/2024,  89.87 ,  85.14 ,  92.68 ,  92.15 
6/7/2024,  91.12 ,  85.88 ,  94.26 ,  93.62 
6/10/2024,  91.67 ,  86.43 ,  94.38 ,  93.97 
6/11/2024,  92.62 ,  87.38 ,  96.65 ,  96.22 
6/12/2024,  92.14 ,  86.90 ,  98.31 ,  97.88 
6/13/2024,  91.15 ,  85.91 ,  97.71 ,  97.36 
6/14/2024,  91.78 ,  86.54 ,  98.48 ,  98.33 
6/17/2024,,,,
6/18/2024,  93.26 ,  88.02 ,  99.14 ,  98.97 
6/19/2024,  94.52 ,  89.28 ,  101.06 ,  100.81 
6/20/2024,  94.85 ,  89.61 ,  101.81 ,  101.39 
6/21/2024,  95.95 ,  90.71 ,  100.93 ,  100.51 
6/24/2024,  95.52 ,  90.28 ,  100.54 ,  100.00 
6/25/2024,  95.57 ,  90.33 ,  101.15 ,  100.82 
6/26/2024,  95.65 ,  90.41 ,  101.21 ,  100.96 
6/27/2024,  96.51 ,  91.27 ,  102.61 ,  102.36 
6/28/2024,  97.45 ,  92.37 ,  103.22 ,  103.02 
7/1/2024,  97.87 ,  93.14 ,  101.78 ,  101.58 
7/2/2024,  99.67 ,  95.23 ,  103.90 ,  103.58 
7/3/2024,  99.30 ,  94.88 ,  103.17 ,  102.75 
7/4/2024,  99.01 ,  94.59 ,  102.49 ,  102.05 
7/5/2024,  99.01 ,  94.59 ,  103.55 ,  103.22 
7/8/2024,  98.17 ,  93.75 ,  101.58 ,  101.29 
7/9/2024,  97.03 ,  92.61 ,  100.78 ,  100.42 
7/10/2024,  95.60 ,  91.18 ,  99.47 ,  99.09 
7/11/2024,  96.48 ,  92.06 ,  100.41 ,  100.10 
7/12/2024,  98.50 ,  94.08 ,  100.72 ,  100.45 
7/15/2024,  97.85 ,  93.43 ,  99.66 ,  99.36 
7/16/2024,  96.55 ,  92.13 ,  99.13 ,  98.77 
7/17/2024,  96.37 ,  91.95 ,  98.14 ,  97.86 
7/18/2024,  97.64 ,  93.22 ,  99.76 ,  99.55 
7/19/2024,  96.84 ,  92.42 ,  98.79 ,  98.55 
7/22/2024,  95.04 ,  90.62 ,  96.71 ,  96.49 
7/23/2024,  94.99 ,  90.57 ,  97.01 ,  96.83 
7/24/2024,  93.51 ,  89.09 ,  96.31 ,  96.13 
7/25/2024,  94.15 ,  89.73 ,  96.57 ,  96.38 
7/26/2024,  95.36 ,  90.94 ,  97.80 ,  97.35 
7/29/2024,  95.11 ,  90.69 ,  96.53 ,  96.10 
7/30/2024,  93.01 ,  88.91 ,  94.57 ,  94.20 
7/31/2024,  93.39 ,  89.28 ,  95.13 ,  94.76 
8/1/2024,  93.51 ,  89.40 ,  96.76 ,  96.20 
8/2/2024,  92.86 ,  87.70 ,  95.25 ,  94.28 
8/5/2024,  87.55 ,  82.85 ,  90.96 ,  89.79 
8/6/2024,  87.23 ,  83.27 ,  91.32 ,  89.93 
8/7/2024,  87.30 ,  82.76 ,  91.37 ,  89.44 
8/8/2024,  89.62 ,  85.03 ,  92.84 ,  91.32 
8/9/2024,,,,
8/12/2024,  91.37 ,  86.89 ,  93.65 ,  91.88 
8/13/2024,  91.98 ,  87.50 ,  95.84 ,  94.14 
8/14/2024,  90.60 ,  86.12 ,  95.36 ,  93.48 
8/15/2024,  88.66 ,  83.84 ,  94.48 ,  92.65 
8/16/2024,  90.15 ,  85.99 ,  94.49 ,  92.64 
8/19/2024,  88.79 ,  84.63 ,  92.19 ,  90.53 
8/20/2024,  87.02 ,  82.86 ,  89.37 ,  87.73 
8/21/2024,  87.66 ,  83.50 ,  90.43 ,  88.90 
8/22/2024,  85.72 ,  81.82 ,  88.73 ,  87.26 
8/23/2024,  87.27 ,  83.04 ,  90.15 ,  88.58 
8/26/2024,  89.06 ,  85.58 ,  92.15 ,  90.62 
8/27/2024,  89.58 ,  86.10 ,  92.83 ,  91.33 
8/28/2024,  86.67 ,  83.14 ,  89.04 ,  87.54 
8/29/2024,  86.07 ,  81.88 ,  88.29 ,  86.79 
8/30/2024,  89.03 ,  84.84 ,  90.99 ,  89.50 
9/2/2024,  86.59 ,  82.40 ,  88.31 ,  86.86 
9/3/2024,  87.90 ,  83.71 ,  89.01 ,  87.61 
9/4/2024,  81.98 ,  77.79 ,  85.52 ,  84.07 
9/5/2024,  80.92 ,  77.08 ,  85.16 ,  83.81 
9/6/2024,  80.78 ,  76.35 ,  84.77 ,  83.44 
9/9/2024,  81.59 ,  77.16 ,  84.01 ,  82.66 
9/10/2024,  80.21 ,  76.35 ,  82.80 ,  81.43 
9/11/2024,  79.47 ,  75.61 ,  81.22 ,  79.91 
9/12/2024,  80.35 ,  76.49 ,  82.68 ,  81.37 
9/13/2024,  80.31 ,  75.89 ,  82.93 ,  81.89 
9/16/2024,  80.46 ,  76.04 ,  81.84 ,  81.10 
9/17/2024,  82.54 ,  77.43 ,  82.16 ,  81.45 
9/18/2024,  83.86 ,  79.24 ,  83.47 ,  82.86 
9/19/2024,  86.33 ,  81.71 ,  84.96 ,  84.46 
9/20/2024,  85.86 ,  81.24 ,  84.32 ,  83.81 
9/23/2024,  85.82 ,  81.16 ,  84.39 ,  83.88 
9/24/2024,  85.14 ,  80.48 ,  84.98 ,  84.47 
9/25/2024,  84.78 ,  80.12 ,  86.23 ,  85.61 
9/26/2024,  81.86 ,  77.20 ,  83.26 ,  82.60 
9/27/2024,  81.67 ,  77.01 ,  84.23 ,  83.41 
9/30/2024,  81.60 ,  76.94 ,  84.66 ,  83.82 
10/1/2024,  79.71 ,  73.60 ,  83.05 ,  82.40 
10/2/2024,  84.21 ,  78.20 ,  87.45 ,  86.86 
10/3/2024,  84.86 ,  78.85 ,  86.45 ,  85.92 
10/4/2024,  88.97 ,  82.55 ,  90.98 ,  90.45 
10/7/2024,  88.88 ,  82.46 ,  91.76 ,  91.25 
10/8/2024,  90.15 ,  83.73 ,  92.38 ,  91.89 
10/9/2024,  88.50 ,  82.08 ,  90.87 ,  90.36 
10/10/2024,  88.37 ,  81.95 ,  90.38 ,  89.86 
10/11/2024,  89.88 ,  83.46 ,  91.86 ,  91.29 
10/14/2024,  89.17 ,  82.75 ,  90.97 ,  90.35 
10/15/2024,  84.88 ,  78.39 ,  86.80 ,  86.22 
10/16/2024,  84.95 ,  78.46 ,  86.00 ,  85.48 
10/17/2024,  85.98 ,  79.49 ,  86.14 ,  85.51 
10/18/2024,  87.47 ,  80.98 ,  86.42 ,  85.79 
10/21/2024,  85.80 ,  79.31 ,  85.74 ,  85.24 
10/22/2024,  84.73 ,  79.06 ,  85.81 ,  85.35 
10/23/2024,  85.75 ,  79.75 ,  88.12 ,  87.78 
10/24/2024,  85.97 ,  79.98 ,  88.64 ,  88.30 
10/25/2024,  84.63 ,  78.90 ,  87.02 ,  86.62 
10/28/2024,  82.69 ,  76.96 ,  85.69 ,  85.37 
10/29/2024,  82.16 ,  76.43 ,  85.33 ,  85.08 
10/30/2024,  82.79 ,  77.26 ,  86.28 ,  86.00 
10/31/2024,,,,
11/1/2024,  84.91 ,  79.38 ,  90.87 ,  90.60 
11/4/2024,  85.84 ,  80.31 ,  91.02 ,  90.75 
11/5/2024,  86.73 ,  81.20 ,  91.47 ,  91.13 
11/6/2024,  84.52 ,  78.99 ,  90.57 ,  90.29 
11/7/2024,  85.19 ,  79.66 ,  90.13 ,  89.92 
11/8/2024,  85.81 ,  79.85 ,  90.21 ,  89.97 
11/11/2024,  84.45 ,  78.49 ,  89.16 ,  89.00 
11/12/2024,  82.87 ,  76.91 ,  87.15 ,  87.00 
11/13/2024,  82.32 ,  76.36 ,  87.42 ,  87.30 
11/14/2024,  82.48 ,  76.52 ,  87.85 ,  87.75 
11/15/2024,  82.19 ,  76.23 ,  86.50 ,  86.46 
11/18/2024,  83.44 ,  77.28 ,  87.24 ,  87.20 
11/19/2024,  84.69 ,  78.56 ,  89.91 ,  89.88 
11/20/2024,  85.43 ,  79.30 ,  89.75 ,  89.72 
11/21/2024,  85.13 ,  79.38 ,  89.94 ,  89.91 
11/22/2024,  86.07 ,  80.32 ,  91.23 ,  91.20 
11/25/2024,  86.12 ,  81.55 ,  90.01 ,  89.94 
11/26/2024,  84.78 ,  80.31 ,  89.31 ,  89.28 
11/27/2024,  84.71 ,  80.24 ,  88.40 ,  88.33 
11/28/2024,  83.13 ,  79.73 ,  87.58 ,  87.45 
11/29/2024,  83.87 ,  80.27 ,  88.10 ,  87.97 
12/2/2024,  83.60 ,  80.44 ,  87.71 ,  87.58 
12/3/2024,  83.69 ,  80.83 ,  87.20 ,  87.08 
12/4/2024,  85.39 ,  82.53 ,  88.10 ,  87.92 
12/5/2024,  84.16 ,  80.81 ,  86.86 ,  86.68 
12/6/2024,  83.27 ,  79.85 ,  86.46 ,  86.35 
12/9/2024,  83.41 ,  80.06 ,  86.98 ,  86.86 
12/10/2024,  84.31 ,  80.96 ,  87.18 ,  87.06 
12/11/2024,  85.42 ,  82.07 ,  87.54 ,  87.42 
12/12/2024,  86.79 ,  83.44 ,  89.70 ,  89.53 
12/13/2024,  86.87 ,  83.52 ,  90.03 ,  89.67 
12/16/2024,  86.48 ,  83.13 ,  90.75 ,  90.19 
12/17/2024,  85.54 ,  82.19 ,  89.99 ,  89.32 
12/18/2024,  85.40 ,  82.05 ,  89.79 ,  89.12 
12/19/2024,  84.00 ,  80.65 ,  89.87 ,  89.20 
12/20/2024,  83.06 ,  79.71 ,  89.10 ,  88.43 
12/23/2024,  83.86 ,  80.51 ,  89.97 ,  89.30 
12/24/2024,  83.77 ,  80.42 ,  89.01 ,  88.32 
12/26/2024,  84.46 ,  81.11 ,  89.20 ,  88.48 
12/27/2024,  84.02 ,  80.67 ,  89.02 ,  88.31 
12/30/2024,  84.54 ,  81.29 ,  90.69 ,  89.98 
12/31/2024,  85.40 ,  82.15 ,  91.85 ,  91.14 
1/2/2025,  85.92 ,  82.95 ,  92.29 ,  91.58 
1/3/2025,  86.22 ,  83.74 ,  93.47 ,  92.76 
1/6/2025,  86.09 ,  83.61 ,  92.73 ,  92.07 
1/7/2025,  85.84 ,  83.15 ,  92.39 ,  91.74 
1/8/2025,  85.89 ,  83.35 ,  93.58 ,  92.94 
1/9/2025,  84.21 ,  82.78 ,  92.36 ,  91.75 
1/10/2025,  85.86 ,  84.01 ,  94.09 ,  93.54 
1/13/2025,  89.09 ,  87.14 ,  99.13 ,  98.56 
1/14/2025,  88.44 ,  86.30 ,  96.70 ,  96.18 
1/15/2025,  88.10 ,  86.34 ,  97.61 ,  97.09 
1/16/2025,  88.92 ,  86.78 ,  99.56 ,  99.01 
1/17/2025,  87.72 ,  85.58 ,  100.19 ,  99.55 
1/20/2025,  86.93 ,  84.54 ,  99.77 ,  99.02 
1/21/2025,  85.82 ,  83.43 ,  97.70 ,  96.95 
1/22/2025,  85.75 ,  83.26 ,  96.85 ,  96.10 
1/23/2025,  86.31 ,  83.90 ,  95.61 ,  94.86 
1/24/2025,  86.31 ,  83.90 ,  95.03 ,  94.25 
1/27/2025,  87.49 ,  85.08 ,  93.29 ,  92.63 
1/28/2025,  87.02 ,  84.91 ,  93.00 ,  92.41 
1/29/2025,,,,
1/30/2025,,,,
1/31/2025,  87.06 ,  84.88 ,  92.89 ,  92.30 
2/3/2025,  87.84 ,  86.41 ,  93.44 ,  93.07 
2/4/2025,  84.87 ,  83.30 ,  91.37 ,  90.89 
2/5/2025,  85.97 ,  84.06 ,  92.10 ,  91.55 
2/6/2025,  84.77 ,  83.21 ,  90.63 ,  89.93 
2/7/2025,  85.49 ,  83.86 ,  91.48 ,  90.71 
2/10/2025,  86.48 ,  85.04 ,  91.81 ,  90.82 
2/11/2025,  87.44 ,  86.00 ,  93.28 ,  92.29 
2/12/2025,  87.69 ,  86.17 ,  93.87 ,  92.66 
2/13/2025,  86.03 ,  84.59 ,  91.99 ,  90.80 
2/14/2025,  86.95 ,  85.55 ,  92.42 ,  91.18 
2/17/2025,  87.68 ,  86.29 ,  91.92 ,  90.65 
2/18/2025,  87.99 ,  86.60 ,  92.16 ,  90.84 
2/19/2025,  88.43 ,  87.04 ,  92.75 ,  91.38 
2/20/2025,  88.11 ,  86.72 ,  93.20 ,  91.89 
2/21/2025,  86.91 ,  85.52 ,  93.22 ,  91.92 
2/24/2025,  85.82 ,  84.43 ,  90.82 ,  89.51 
2/25/2025,  86.01 ,  84.62 ,  91.20 ,  89.99 
2/26/2025,  83.78 ,  82.55 ,  89.16 ,  87.84 
2/27/2025,  83.41 ,  81.94 ,  88.20 ,  86.84 
2/28/2025,  84.34 ,  82.75 ,  89.10 ,  87.74 
3/3/2025,  83.79 ,  82.20 ,  88.65 ,  87.29 
3/4/2025,  80.03 ,  78.44 ,  86.88 ,  85.44 
3/5/2025,  79.94 ,  78.30 ,  86.92 ,  85.41 
3/6/2025,  78.59 ,  77.03 ,  86.06 ,  84.55 
3/7/2025,  78.69 ,  76.98 ,  86.13 ,  84.64 
3/10/2025,  78.55 ,  77.31 ,  86.32 ,  84.73 
3/11/2025,  77.98 ,  76.64 ,  85.24 ,  83.65 
3/12/2025,  79.15 ,  77.74 ,  85.54 ,  83.95 
3/13/2025,  80.46 ,  79.08 ,  85.81 ,  84.48 
3/14/2025,  80.05 ,  78.62 ,  84.93 ,  83.65 
3/17/2025,  81.04 ,  79.61 ,  85.55 ,  84.27 
3/18/2025,  81.95 ,  80.52 ,  86.01 ,  84.73 
3/19/2025,  80.27 ,  78.84 ,  84.83 ,  83.55 
3/20/2025,  80.97 ,  79.54 ,  86.18 ,  84.93 
3/21/2025,  81.90 ,  80.56 ,  86.73 ,  85.57 
3/24/2025,  82.07 ,  80.73 ,  86.77 ,  85.61 
3/25/2025,  83.15 ,  81.91 ,  87.09 ,  85.95 
3/26/2025,  83.45 ,  82.34 ,  87.88 ,  86.74 
3/27/2025,  83.88 ,  82.36 ,  87.83 ,  86.58 
3/28/2025,  84.10 ,  82.41 ,  88.19 ,  86.85 
3/31/2025,,,,
4/1/2025,  85.57 ,  83.69 ,  89.19 ,  87.87 
4/2/2025,  85.91 ,  84.03 ,  88.80 ,  87.49 
4/3/2025,  83.12 ,  81.61 ,  87.20 ,  85.92 
4/4/2025,  77.52 ,  76.34 ,  82.67 ,  81.53 
4/7/2025,  72.28 ,  71.39 ,  78.22 ,  76.97 
4/8/2025,  73.41 ,  72.72 ,  79.52 ,  78.31 
4/9/2025,  70.34 ,  68.86 ,  75.90 ,  74.69 
4/10/2025,  72.44 ,  70.96 ,  78.98 ,  77.70 
4/11/2025,  71.93 ,  70.37 ,  78.55 ,  77.27 
4/14/2025,  74.29 ,  72.80 ,  79.97 ,  78.69 
4/15/2025,  74.65 ,  73.16 ,  80.72 ,  79.43 
4/16/2025,  75.04 ,  73.79 ,  80.93 ,  79.51 
4/17/2025,  76.74 ,  74.96 ,  81.93 ,  80.56 
4/21/2025,  76.84 ,  75.54 ,  81.89 ,  80.41 
4/22/2025,  77.15 ,  75.85 ,  82.08 ,  80.59 
4/23/2025,  78.76 ,  77.55 ,  83.43 ,  82.05 
4/24/2025,  77.62 ,  76.19 ,  81.85 ,  80.45 
4/25/2025,  78.45 ,  76.62 ,  82.61 ,  81.23 
4/25/2025,  78.45 ,  76.62 ,  82.61 ,  81.23 
4/28/2025,  78.17 ,  76.29 ,  82.54 ,  81.26 
4/29/2025,  76.83 ,  75.30 ,  81.26 ,  80.28 
4/30/2025,  74.78 ,  73.34 ,  79.02 ,  77.86 
5/1/2025,,,,
5/2/2025,  75.24 ,  73.73 ,  78.35 ,  77.24 
5/5/2025,  73.10 ,  71.59 ,  76.50 ,  75.37 
5/6/2025,  74.97 ,  73.46 ,  77.70 ,  76.98 
5/7/2025,  76.52 ,  74.79 ,  78.59 ,  77.96 
5/8/2025,  74.88 ,  73.38 ,  77.13 ,  76.33 
5/9/2025,  76.72 ,  75.22 ,  78.92 ,  78.13 
5/12/2025,,,,
5/13/2025,  77.69 ,  76.19 ,  80.87 ,  80.14 
5/14/2025,  78.68 ,  77.18 ,  82.49 ,  81.85 
5/15/2025,  76.57 ,  75.07 ,  80.85 ,  80.21 
5/16/2025,  76.60 ,  75.10 ,  80.48 ,  80.01 
5/19/2025,  76.59 ,  75.09 ,  80.33 ,  79.99 
5/20/2025,  76.33 ,  74.80 ,  80.35 ,  80.01 
5/21/2025,  77.54 ,  76.05 ,  80.86 ,  80.52 
5/22/2025,  77.12 ,  75.87 ,  78.91 ,  78.62 
5/23/2025,  76.75 ,  75.50 ,  78.34 ,  78.09 
5/26/2025,  77.26 ,  76.01 ,  79.19 ,  78.96 
5/27/2025,  76.86 ,  75.61 ,  79.08 ,  78.83 
5/28/2025,  76.50 ,  75.17 ,  78.91 ,  78.75 
5/29/2025,  77.40 ,  76.07 ,  80.62 ,  80.46 
5/30/2025,  76.02 ,  74.69 ,  78.82 ,  78.57 
6/2/2025,  77.31 ,  75.47 ,  80.02 ,  79.74 
6/3/2025,  77.70 ,  75.86 ,  80.23 ,  79.96 
6/4/2025,  78.10 ,  76.26 ,  81.26 ,  81.01 
6/5/2025,  77.06 ,  75.22 ,  80.43 ,  80.17 
6/6/2025,  77.44 ,  75.60 ,  81.04 ,  80.73 
6/9/2025,  78.69 ,  76.85 ,  82.35 ,  82.01 
6/10/2025,  80.06 ,  78.18 ,  82.73 ,  82.43 
6/11/2025,  80.07 ,  77.89 ,  82.51 ,  82.19 
6/12/2025,  81.75 ,  79.62 ,  84.64 ,  84.32 
6/13/2025,  85.44 ,  83.31 ,  88.37 ,  88.02 
6/16/2025,  85.14 ,  83.01 ,  90.66 ,  90.28 
6/17/2025,  85.82 ,  83.91 ,  91.64 ,  91.18 
6/18/2025,  87.49 ,  85.59 ,  94.52 ,  93.98 
6/19/2025,  88.68 ,  86.69 ,  98.07 ,  97.51 
6/20/2025,  89.81 ,  88.00 ,  97.82 ,  97.26 
6/23/2025,  89.27 ,  87.46 ,  94.73 ,  94.04 
6/24/2025,  82.55 ,  80.74 ,  86.85 ,  86.16 
6/25/2025,  81.10 ,  79.29 ,  87.73 ,  87.11 
6/26/2025,  79.86 ,  78.05 ,  86.99 ,  86.37 
6/27/2025,  79.59 ,  77.78 ,  87.98 ,  87.36 
6/30/2025,  79.20 ,  77.39 ,  87.11 ,  86.49 
7/1/2025,  79.36 ,  77.65 ,  87.06 ,  86.44 
7/2/2025,  80.10 ,  78.26 ,  88.60 ,  88.00 
7/3/2025,  80.19 ,  78.83 ,  89.65 ,  88.78 
7/4/2025,  80.68 ,  79.32 ,  89.10 ,  88.31 
7/7/2025,  80.11 ,  78.42 ,  90.21 ,  89.40 
7/8/2025,  79.99 ,  78.30 ,  89.76 ,  88.96 
7/9/2025,  81.39 ,  79.70 ,  91.84 ,  91.04 
7/10/2025,  80.30 ,  78.61 ,  90.43 ,  89.46 
7/11/2025,  79.29 ,  77.60 ,  89.68 ,  88.33 
7/14/2025,  80.84 ,  79.15 ,  92.57 ,  91.08 
7/15/2025,  78.87 ,  77.18 ,  89.76 ,  88.35 
7/16/2025,  79.20 ,  77.51 ,  89.99 ,  88.68 
7/17/2025,  79.08 ,  77.39 ,  90.44 ,  89.22 
7/18/2025,  79.42 ,  77.73 ,  93.88 ,  92.70 
7/21/2025,  78.69 ,  77.00 ,  91.89 ,  91.00 
7/22/2025,  78.08 ,  76.39 ,  92.47 ,  91.75 
7/23/2025,  77.26 ,  75.57 ,  90.89 ,  90.09 
7/24/2025,  78.14 ,  76.45 ,  91.63 ,  90.71 
7/25/2025,  78.22 ,  76.53 ,  91.61 ,  90.56 
7/28/2025,  77.92 ,  76.23 ,  90.89 ,  89.58 
7/29/2025,  79.49 ,  77.80 ,  91.75 ,  90.35 
7/30/2025,  81.72 ,  80.03 ,  92.84 ,  91.30 
7/31/2025,  82.40 ,  80.71 ,  93.50 ,  91.74 
8/1/2025,  81.46 ,  79.77 ,  92.68 ,  90.88 
8/4/2025,  79.18 ,  77.49 ,  89.41 ,  87.68 
8/5/2025,  79.02 ,  77.33 ,  89.41 ,  87.77 
8/6/2025,  78.93 ,  77.24 ,  87.91 ,  86.27 
8/7/2025,  77.92 ,  76.23 ,  86.27 ,  84.83 
8/8/2025,  78.60 ,  76.45 ,  86.64 ,  85.20 
8/11/2025,  79.23 ,  77.08 ,  85.45 ,  84.21 
8/12/2025,  80.53 ,  78.38 ,  86.89 ,  85.61 
8/13/2025,  79.43 ,  77.01 ,  84.95 ,  83.73 
8/14/2025,  79.84 ,  77.42 ,  84.66 ,  83.62 
8/15/2025,  80.60 ,  78.18 ,  83.61 ,  83.03 
8/18/2025,  79.42 ,  76.71 ,  83.09 ,  82.78 
8/19/2025,  79.65 ,  76.94 ,  83.85 ,  83.43 
8/20/2025,  80.77 ,  78.16 ,  85.35 ,  85.02 
8/21/2025,  81.77 ,  79.01 ,  85.66 ,  85.36 
8/22/2025,  82.69 ,  79.93 ,  86.78 ,  86.49 
8/25/2025,  81.54 ,  79.60 ,  86.89 ,  86.60 
8/26/2025,  81.12 ,  79.18 ,  86.72 ,  86.31 
8/27/2025,  79.35 ,  77.41 ,  85.53 ,  85.08 
8/28/2025,  80.24 ,  78.30 ,  85.75 ,  85.25 
8/29/2025,  81.37 ,  79.43 ,  86.33 ,  85.83 
9/1/2025,  81.25 ,  79.31 ,  86.22 ,  85.62 
9/2/2025,  82.72 ,  80.78 ,  88.12 ,  87.42 
9/3/2025,  82.95 ,  80.73 ,  89.85 ,  89.15 
9/4/2025,  81.45 ,  79.28 ,  88.45 ,  87.73 
9/5/2025,  81.60 ,  79.24 ,  88.49 ,  87.51 
9/8/2025,  81.23 ,  78.87 ,  88.18 ,  87.13 
9/9/2025,  81.58 ,  79.22 ,  88.86 ,  87.97 
9/10/2025,  81.84 ,  79.48 ,  88.82 ,  87.88 
9/11/2025,  82.05 ,  79.69 ,  89.18 ,  88.20 
9/12/2025,  81.40 ,  79.14 ,  88.00 ,  86.87 
9/15/2025,  83.32 ,  81.06 ,  88.78 ,  87.64 
9/16/2025,  83.40 ,  81.14 ,  88.98 ,  87.93 
9/17/2025,  83.21 ,  81.74 ,  90.61 ,  89.75 
9/18/2025,  82.22 ,  80.53 ,  89.43 ,  88.57 
9/19/2025,  80.89 ,  79.20 ,  88.75 ,  87.96 
9/22/2025,  79.80 ,  77.81 ,  88.16 ,  87.44 
9/23/2025,  79.23 ,  77.24 ,  87.56 ,  86.85 
9/24/2025,  80.23 ,  78.24 ,  89.37 ,  88.69 
9/25/2025,  81.05 ,  79.25 ,  90.75 ,  89.96 
9/26/2025,  81.84 ,  80.15 ,  92.58 ,  91.70 
9/29/2025,  81.78 ,  79.91 ,  91.87 ,  90.96 
9/30/2025,  79.20 ,  77.33 ,  88.78 ,  87.96 
10/1/2025,  79.57 ,  76.94 ,  90.20 ,  89.26 
10/2/2025,  78.13 ,  76.23 ,  89.50 ,  88.59 
10/3/2025,  77.05 ,  75.25 ,  88.01 ,  87.16 
10/6/2025,  78.05 ,  75.75 ,  87.83 ,  87.30 
10/7/2025,  78.93 ,  76.47 ,  87.70 ,  87.17 
10/8/2025,  79.45 ,  76.99 ,  88.55 ,  88.08 
10/9/2025,  80.30 ,  77.55 ,  89.56 ,  89.00 
10/10/2025,  79.46 ,  76.59 ,  88.23 ,  87.78 
10/13/2025,  78.69 ,  75.95 ,  86.89 ,  86.25 
10/14/2025,  78.36 ,  75.62 ,  85.63 ,  84.85 
10/15/2025,  78.50 ,  75.76 ,  85.23 ,  84.43 
10/16/2025,  78.98 ,  76.24 ,  84.70 ,  83.70 
10/17/2025,  77.59 ,  74.81 ,  83.37 ,  82.32 
10/20/2025,,,,
10/21/2025,  77.65 ,  74.87 ,  84.44 ,  83.05 
10/22/2025,  78.59 ,  75.58 ,  86.13 ,  84.86 
10/23/2025,  81.10 ,  78.09 ,  90.52 ,  89.10 
10/24/2025,  82.82 ,  79.91 ,  92.91 ,  91.45 
10/27/2025,  82.51 ,  79.91 ,  93.42 ,  92.01 
10/28/2025,  82.08 ,  79.26 ,  93.70 ,  91.89 
10/29/2025,  82.28 ,  79.46 ,  92.15 ,  90.26 
10/30/2025,  82.62 ,  79.80 ,  92.83 ,  90.86 
10/31/2025,  81.78 ,  78.96 ,  94.09 ,  92.02 
11/3/2025,  82.63 ,  79.81 ,  94.24 ,  91.95 
11/4/2025,  81.13 ,  78.41 ,  93.03 ,  90.87 
11/5/2025,  80.80 ,  78.08 ,  94.43 ,  92.43 
11/6/2025,  81.25 ,  78.53 ,  94.80 ,  92.85 
11/7/2025,  81.88 ,  79.16 ,  97.15 ,  95.19 
11/10/2025,  82.80 ,  80.08 ,  95.83 ,  94.06 
11/11/2025,  83.15 ,  80.06 ,  96.48 ,  94.51 
11/12/2025,  83.79 ,  81.48 ,  98.45 ,  96.48 
11/13/2025,  81.53 ,  79.22 ,  94.69 ,  92.97 
11/14/2025,  83.15 ,  80.31 ,  95.02 ,  93.35 
11/17/2025,  83.32 ,  80.48 ,  95.43 ,  93.64 
11/18/2025,  82.73 ,  79.89 ,  96.81 ,  94.70 
11/19/2025,  81.03 ,  78.17 ,  99.49 ,  97.07 
11/20/2025,  79.42 ,  76.56 ,  97.33 ,  95.01 
11/21/2025,  79.01 ,  76.15 ,  91.44 ,  88.71 
11/24/2025,  78.93 ,  76.07 ,  88.52 ,  86.68 
11/25/2025,  79.26 ,  76.40 ,  88.12 ,  86.84 
11/26/2025,  81.16 ,  78.30 ,  86.41 ,  85.33 
11/27/2025,  81.44 ,  78.52 ,  86.49 ,  85.41 
11/28/2025,  81.86 ,  79.04 ,  87.81 ,  87.06 
12/1/2025,  82.51 ,  79.78 ,  87.80 ,  86.97 
12/2/2025,  82.55 ,  80.70 ,  86.96 ,  86.13 
12/3/2025,  80.80 ,  79.51 ,  85.67 ,  84.92 
12/4/2025,  80.04 ,  78.67 ,  85.69 ,  85.06 
12/5/2025,  79.94 ,  78.57 ,  85.89 ,  85.33 
12/8/2025,  80.60 ,  79.38 ,  86.63 ,  86.20 
12/9/2025,  79.45 ,  77.63 ,  84.50 ,  84.18 
12/10/2025,  79.42 ,  77.59 ,  83.64 ,  83.37 
12/11/2025,  79.63 ,  77.61 ,  82.58 ,  82.31 
12/12/2025,  79.25 ,  77.61 ,  82.80 ,  82.54 
12/15/2025,  78.52 ,  77.43 ,  81.60 ,  81.34 
12/16/2025,  75.72 ,  74.64 ,  80.08 ,  79.85 
12/17/2025,  74.53 ,  74.27 ,  79.39 ,  79.10 
12/18/2025,  74.63 ,  74.15 ,  80.23 ,  80.07 
12/19/2025,  73.56 ,  73.15 ,  78.92 ,  78.76 
12/22/2025,  74.61 ,  73.33 ,  79.30 ,  79.26 
12/23/2025,  74.56 ,  73.28 ,  79.87 ,  79.83 
12/24/2025,  74.49 ,  73.21 ,  81.09 ,  81.05 
12/25/2025,,,,
12/26/2025,  74.54 ,  72.58 ,  80.56 ,  80.52 
12/29/2025,  73.60 ,  71.54 ,  79.38 ,  79.34 
12/30/2025,  73.80 ,  71.74 ,  79.74 ,  79.70 
12/31/2025,  73.81 ,  71.75 ,  80.28 ,  80.24 